task,date,market,actual,baselineHit,hierarchicalHit,contextualHit,gateSelected,baselinePanels,hierarchicalPanels
open,2026-07-20,Sridevi,269,True,True,True,True,468 460 278 269 140 478 560 258 167 280 279 680 568 267 467 480 248 380 270 457 148 170 149 169 450 260 290 256 349 569 250 147 160 145 189 156 257 489 570 178 238 150 458 159 146 247 780 246 678 190 158 240 590 128 249 259 268 456 379 230,460 280 569 145 190 370 127 136 560 380 290 489 146 678 128 137 480 147 156 570 167 680 248 149 257 158 590 789 140 258 267 159 780 249 456 230 457 169 349 178 150 240 259 268 278 269 467 250 160 458 890 124 468 279 170 260 189 350 459 567
open,2026-07-21,Sridevi,268,True,True,False,True,258 279 569 278 280 290 169 267 560 189 568 256 259 138 238 250 590 156 190 270 150 380 349 680 468 159 167 460 158 178 260 589 390 570 128 170 149 356 140 269 350 389 489 248 230 369 478 249 467 379 126 160 268 148 459 450 257 145 457 789,569 280 190 460 389 145 370 136 290 560 380 128 489 146 678 137 138 156 589 390 570 246 480 147 590 680 167 158 149 356 248 257 258 267 159 140 230 249 780 456 169 259 150 349 178 268 457 790 278 250 269 467 279 189 468 260 170 350 369 459
open,2026-07-22,Sridevi,668,False,False,False,True,140 349 159 279 167 379 478 149 569 169 170 267 278 145 189 457 138 560 257 258 147 468 156 150 460 190 290 270 467 590 570 250 390 350 280 450 380 568 238 356 158 259 370 489 148 146 256 459 178 680 137 230 345 480 139 369 160 248 249 247,569 145 460 190 280 370 389 136 560 290 380 489 138 147 156 570 390 345 480 589 167 149 257 590 356 158 680 248 140 159 267 258 230 249 456 780 349 169 457 150 259 178 790 367 279 170 189 468 350 459 369 260 379 478 270 450 568 360 234 126
open,2026-07-23,Sridevi,246,False,False,False,True,478 457 147 178 167 170 467 140 278 258 468 279 460 570 267 568 150 149 145 159 349 560 138 379 257 270 148 780 450 156 189 489 169 380 158 280 480 458 190 680 157 247 370 250 590 678 137 350 248 456 238 146 789 256 567 290 160 259 168 459,560 489 380 678 147 570 138 156 480 345 390 589 167 149 257 158 680 590 248 789 140 258 267 159 780 456 168 249 457 178 150 349 169 259 367 790 467 278 458 250 160 368 890 179 170 468 279 189 350 567 459 260 478 568 379 270 450 126 234 360
open,2026-07-20,Time Bazar,169,True,True,True,True,240 245 249 460 569 250 145 349 479 247 149 459 590 234 150 246 257 470 450 290 457 235 190 140 135 239 120 259 345 280 260 147 358 560 169 357 237 159 468 189 236 578 490 167 289 129 256 180 579 270 469 350 128 390 157 258 230 347 158 567,460 569 145 479 235 190 280 578 245 470 290 560 236 579 128 380 246 345 147 237 129 390 480 570 149 590 257 239 167 347 158 356 249 140 357 159 240 349 150 457 259 358 169 268 459 260 468 189 350 567 279 134 234 450 135 289 180 270 469 126
open,2026-07-21,Time Bazar,270,True,True,False,True,479 678 189 478 180 578 147 789 178 236 389 468 247 380 169 190 280 157 127 168 689 569 128 249 237 158 680 347 120 460 367 270 257 149 179 470 357 268 358 167 240 145 135 250 137 170 457 378 289 238 780 258 279 679 129 267 136 246 590 150,479 578 389 190 280 127 569 460 678 236 380 128 470 137 245 290 147 237 679 129 246 480 138 589 247 157 689 120 789 158 680 347 257 149 167 590 178 169 367 268 358 240 457 150 189 468 170 378 279 260 350 567 478 180 270 135 289 568 234 379
open,2026-07-22,Time Bazar,259,True,True,True,True,479 247 290 257 270 249 279 239 127 789 237 169 259 250 569 120 236 579 240 289 147 790 129 590 457 190 157 245 349 470 578 179 280 167 267 678 128 357 189 478 235 459 149 347 679 246 234 269 230 460 178 260 126 150 258 268 159 145 180 135,479 127 569 190 578 280 235 460 290 236 579 245 470 678 128 137 237 147 129 679 246 589 390 570 247 120 157 256 257 239 789 590 167 149 347 248 169 259 240 790 457 349 178 150 279 189 459 260 350 567 170 468 270 289 478 234 126 180 135 379
open,2026-07-23,Time Bazar,678,False,False,False,True,240 479 246 120 249 147 460 247 190 169 149 245 145 180 127 140 236 569 349 270 167 146 128 234 250 150 478 470 135 189 126 134 259 257 290 129 468 280 237 260 459 268 457 248 168 480 347 158 239 345 450 490 157 159 137 178 235 279 289 469,479 460 190 145 127 569 280 235 245 236 146 128 470 290 137 380 246 147 129 237 480 345 390 570 120 247 490 157 149 167 257 248 347 158 239 130 240 169 349 150 259 268 457 178 189 134 468 260 459 279 350 170 180 270 234 478 135 126 450 289
open,2026-07-20,Madhur Day,370,False,False,False,False,257 256 258 568 156 158 168 245 567 157 589 456 268 560 458 250 578 267 450 260 358 235 468 459 570 579 159 356 145 569 150 269 350 167 125 249 457 248 146 359 357 135 580 160 270 279 246 278 368 178 169 148 138 478 460 470 678 236 238 345,245 560 579 146 470 678 236 380 156 589 570 246 138 345 679 237 256 157 580 148 257 158 356 167 248 149 239 680 258 168 456 267 159 249 357 348 458 250 269 359 160 278 368 179 567 260 468 459 350 125 279 378 568 450 135 270 478 126 360 289
open,2026-07-21,Madhur Day,300,False,False,False,True,578 258 568 257 589 158 580 278 358 178 458 168 268 570 378 256 250 248 468 267 678 280 579 279 780 368 478 157 270 470 680 289 560 260 148 189 180 380 450 567 238 789 689 167 480 389 350 489 269 160 457 569 156 456 159 290 249 590 459 348,578 280 389 569 370 235 460 145 678 579 470 560 380 489 290 245 580 256 157 148 238 689 670 490 257 158 248 680 789 167 590 356 258 168 267 780 456 159 249 348 278 458 250 368 378 468 279 260 189 567 350 459 568 478 270 289 180 450 360 379
open,2026-07-22,Madhur Day,559,False,False,False,True,380 589 138 180 350 158 258 168 358 150 580 189 159 570 250 160 389 290 190 238 259 390 280 260 359 560 590 178 289 360 680 370 270 578 450 579 780 239 257 568 368 157 269 179 130 268 170 235 135 279 148 458 139 248 278 149 459 470 240 129,389 190 280 370 380 290 560 579 470 489 128 137 589 138 570 390 129 156 480 237 580 238 157 148 139 256 120 689 158 590 680 239 257 130 248 149 258 168 159 780 230 249 140 348 250 160 359 368 269 179 458 278 180 289 360 270 450 568 135 379
open,2026-07-23,Madhur Day,557,False,False,False,True,140 470 240 340 450 460 490 350 370 480 180 380 160 250 149 130 134 148 270 150 230 249 260 570 360 170 248 120 145 390 348 290 349 190 146 234 280 440 458 124 138 459 245 147 580 468 590 345 780 489 478 479 560 239 257 246 158 238 168 680,470 380 290 146 245 489 560 137 480 570 390 138 147 345 246 129 149 130 248 590 239 257 158 680 140 230 249 348 780 168 159 456 240 150 349 457 340 160 250 458 124 179 467 359 350 134 260 170 440 459 468 378 450 180 270 360 234 478 135 469
open,2026-07-20,Milan Day,150,True,True,True,True,178 168 160 280 138 268 267 378 278 368 158 179 137 478 389 180 238 468 480 140 127 240 236 148 147 128 170 237 670 578 358 167 258 270 247 169 348 139 249 189 136 123 279 125 467 248 380 230 150 190 780 367 130 145 356 257 678 346 689 369,280 389 127 578 136 190 145 370 138 480 147 237 129 679 156 589 238 148 670 247 139 346 689 120 158 167 248 130 168 267 140 258 348 249 230 780 178 268 240 358 169 123 150 367 160 278 368 179 467 458 124 890 378 468 170 189 279 125 369 260
open,2026-07-21,Milan Day,125,True,True,True,True,150 350 160 159 560 140 360 125 250 157 158 170 590 137 240 370 580 145 190 270 356 257 450 567 138 470 578 130 280 358 178 230 156 245 458 670 569 120 179 139 570 480 135 147 459 180 579 235 357 267 260 258 359 378 457 136 127 168 259 380,370 145 190 578 280 569 235 136 560 137 470 245 579 380 489 290 138 156 570 480 157 580 670 120 139 247 256 238 159 140 230 357 267 258 168 456 150 240 358 178 457 259 349 169 160 250 458 179 359 340 368 467 350 125 170 567 459 260 378 134
open,2026-07-22,Milan Day,113,False,False,False,True,160 125 360 168 267 138 280 136 178 159 127 260 137 123 240 237 179 120 170 249 269 356 167 130 370 257 245 236 247 140 567 169 150 230 156 158 268 129 235 279 278 250 139 368 258 145 157 569 270 369 679 126 256 480 238 670 467 367 180 590,280 136 127 370 235 145 569 389 137 245 236 560 380 146 470 579 120 247 139 157 356 167 130 257 158 590 239 149 168 267 159 249 140 230 258 357 178 123 240 169 150 268 367 358 160 179 269 278 250 368 467 359 125 260 170 567 279 369 350 378
open,2026-07-23,Milan Day,279,False,False,False,True,360 160 150 370 130 168 136 356 350 140 170 368 138 158 480 139 137 180 125 145 560 178 156 567 590 159 378 190 236 147 358 460 267 230 380 569 359 135 250 240 123 670 134 340 389 450 179 260 349 468 167 346 580 169 470 235 578 369 348 157,370 136 145 190 460 569 389 235 137 560 236 380 138 480 156 147 679 570 237 390 130 356 158 590 167 149 257 680 168 140 159 267 230 348 258 249 150 178 358 240 123 349 169 268 160 368 359 250 340 179 278 890 350 170 125 567 378 134 260 468
open,2026-07-20,Kalyan,599,False,False,False,True,159 150 579 135 130 156 180 136 137 578 250 125 145 157 256 679 456 127 179 450 257 129 124 120 235 259 140 479 279 459 670 260 158 139 690 278 270 359 379 147 123 890 170 126 678 146 568 267 138 357 458 189 470 350 269 160 570 567 345 134,136 578 145 127 235 479 370 460 579 137 678 146 470 560 128 245 156 679 129 147 157 256 120 670 139 148 580 247 159 456 140 690 267 357 780 348 250 179 124 278 359 890 458 269 125 279 459 260 170 189 350 567 135 180 450 270 379 126 568 289
open,2026-07-21,Kalyan,337,False,False,False,True,579 159 139 679 379 690 359 479 459 135 137 150 179 180 129 136 578 130 279 389 259 125 469 156 890 189 289 269 369 250 589 456 569 138 349 790 390 689 256 145 670 149 568 169 590 450 190 678 235 348 157 345 357 350 278 120 123 158 124 260,479 136 578 389 569 145 190 235 579 137 678 489 470 146 380 560 679 129 156 589 139 689 256 670 157 120 490 148 159 690 456 348 357 140 249 267 359 179 890 269 250 278 124 458 459 279 125 189 369 350 260 134 379 135 180 469 289 568 450 478
open,2026-07-22,Kalyan,700,False,False,False,True,679 579 578 670 678 279 250 780 470 479 278 267 456 379 137 260 270 690 180 138 256 568 257 370 478 136 890 348 357 130 378 790 269 347 289 150 450 156 460 159 567 368 570 680 469 389 458 367 127 230 359 380 459 350 369 689 135 235 179 468,578 479 370 136 460 389 127 235 579 678 470 137 380 560 236 146 679 138 156 570 237 345 147 589 670 256 689 247 780 267 456 690 348 357 159 230 250 278 890 269 368 458 359 179 279 260 378 567 459 350 369 468 379 270 180 568 478 289 450 469
open,2026-07-23,Kalyan,578,True,True,True,True,180 470 670 679 690 260 479 460 140 678 270 130 379 150 579 456 890 790 450 780 578 250 170 120 147 137 267 469 680 146 478 160 279 136 124 370 179 156 468 278 127 240 348 148 480 490 269 159 347 380 256 247 560 458 145 459 178 230 340 289,479 460 578 136 370 127 145 280 470 678 579 137 146 380 560 489 679 147 156 480 670 120 148 490 256 247 689 346 690 140 456 780 267 348 159 230 890 250 160 124 179 278 269 458 260 170 279 468 459 189 134 125 180 270 379 450 469 478 289 360
open,2026-07-20,Sridevi Night,230,True,True,True,True,170 260 250 350 270 240 279 380 150 340 480 470 369 120 140 180 230 459 570 390 360 130 236 468 450 160 189 259 280 190 460 490 670 378 138 125 134 146 268 290 237 249 560 370 246 267 248 147 148 349 780 269 359 257 469 128 580 489 258 256,380 470 236 146 290 560 128 489 480 570 390 138 237 246 147 156 120 490 670 148 580 256 157 247 140 230 249 267 240 150 259 268 349 178 790 169 250 340 160 269 359 458 278 179 170 260 350 279 369 459 468 189 270 180 360 450 469 126 289 234
open,2026-07-21,Sridevi Night,150,True,True,True,True,459 350 170 250 570 450 279 470 150 359 259 369 260 340 579 567 458 270 479 457 257 480 240 378 380 157 468 245 147 390 560 134 589 345 140 469 156 159 237 256 490 349 590 489 580 249 236 189 360 347 357 670 460 230 146 370 456 358 478 125,479 460 370 145 470 579 380 245 560 489 236 146 570 480 147 390 589 345 156 237 157 256 490 580 670 148 247 346 150 259 457 240 349 358 790 268 250 359 340 458 269 467 160 179 459 350 170 279 369 260 567 378 450 270 469 360 478 379 180 234
open,2026-07-22,Sridevi Night,156,True,True,True,False,170 150 350 156 157 459 159 189 570 369 567 158 125 359 147 250 579 180 146 167 160 178 134 130 279 378 137 140 169 145 560 190 259 260 138 589 179 450 139 380 468 257 135 470 479 149 670 270 569 580 168 120 256 457 458 390 360 358 679 148,579 146 137 560 380 470 128 155 156 570 147 138 589 390 679 480 157 139 670 580 120 256 148 490 158 167 130 257 150 178 169 259 457 358 349 367 359 250 160 179 458 340 269 368 170 350 459 189 369 567 125 134 180 450 135 270 360 379 126 568
open,2026-07-23,Sridevi Night,288,False,False,False,True,170 150 146 156 160 369 189 167 147 169 260 130 140 180 134 157 279 190 350 138 120 137 159 125 136 179 178 139 126 149 459 270 250 670 168 567 129 470 236 570 360 127 469 378 128 267 679 380 479 148 390 340 359 460 145 269 560 259 579 468,190 136 127 479 146 137 470 236 128 380 560 579 156 147 138 129 570 679 390 480 157 120 139 670 148 166 256 346 150 169 178 259 349 268 240 367 160 179 250 340 359 269 467 368 170 369 189 260 134 279 350 125 180 126 270 360 469 450 379 135
open,2026-07-20,Kalyan Night,368,True,True,False,True,167 168 126 267 147 160 146 136 127 179 169 156 467 137 159 129 178 170 367 128 456 679 260 157 236 269 138 246 678 166 177 690 237 124 149 123 140 150 270 180 125 268 145 120 360 469 568 567 135 249 158 470 278 368 258 279 130 347 144 148,136 127 145 190 146 137 128 236 678 470 560 227 147 156 129 679 138 246 237 570 167 149 158 130 347 680 356 248 168 267 159 456 177 690 140 249 169 178 367 123 150 268 240 457 160 179 467 269 124 278 368 188 126 270 180 360 469 568 135 144
open,2026-07-21,Kalyan Night,146,True,True,True,True,249 348 469 349 489 459 149 456 234 490 479 389 467 248 468 458 347 346 690 480 369 269 499 289 478 146 679 246 159 589 470 390 368 359 789 138 240 448 379 169 258 147 689 449 345 568 140 358 168 239 457 569 460 360 399 148 290 230 245 590,489 146 470 399 290 245 236 678 480 499 679 246 589 390 138 147 149 248 347 789 239 590 680 446 249 348 456 690 159 258 140 168 349 240 448 169 358 457 790 367 467 458 269 368 359 449 890 179 459 468 369 378 469 234 289 478 379 568 360 450
open,2026-07-22,Kalyan Night,378,True,False,True,True,237 267 278 270 257 258 234 230 248 127 249 367 780 268 378 236 247 279 238 128 227 478 260 348 347 289 235 277 246 240 470 147 467 357 126 280 123 137 269 370 168 138 379 789 178 578 129 167 245 239 368 288 358 457 179 679 120 570 250 479,127 235 280 370 236 128 227 470 137 245 290 380 237 246 147 138 129 679 570 228 257 248 347 789 167 239 680 220 267 258 230 249 780 348 357 168 367 268 277 240 123 178 358 457 278 467 269 368 179 250 124 160 270 234 478 289 126 379 360 568
open,2026-07-23,Kalyan Night,247,False,False,False,True,348 138 389 489 358 458 234 478 349 347 149 289 249 378 368 139 789 159 248 379 780 168 359 589 147 480 258 390 140 230 369 468 479 380 357 346 370 180 178 179 189 469 238 345 148 459 470 136 448 490 340 360 237 137 135 399 690 129 679 680,389 479 370 136 489 380 470 137 399 678 128 579 138 589 147 480 390 345 237 129 347 149 789 248 680 130 158 338 348 249 159 780 168 258 140 230 358 349 178 448 367 790 169 240 458 368 359 179 340 278 467 890 234 478 289 379 180 469 360 135
open,2026-07-20,Madhur Night,470,True,True,True,True,270 257 127 260 267 250 279 237 247 157 579 269 268 570 150 240 160 258 370 239 236 290 167 126 170 230 259 120 256 156 280 178 457 278 169 249 246 128 248 129 245 470 235 350 146 360 130 147 670 450 340 560 145 567 137 460 140 168 490 289,127 370 280 235 145 460 136 569 579 236 290 128 245 470 146 560 237 570 156 246 129 147 679 390 247 157 120 256 670 490 139 346 257 239 167 248 130 356 158 590 267 258 230 249 140 168 357 456 268 150 240 259 178 457 169 349 270 126 360 450
open,2026-07-21,Madhur Night,246,True,True,True,True,340 470 240 370 460 349 490 570 457 140 247 147 450 270 150 157 170 479 469 480 347 146 380 345 127 279 237 478 149 350 390 249 248 346 130 167 239 160 145 260 178 250 230 467 489 246 670 245 348 169 379 137 257 267 139 120 179 459 456 290,370 460 479 127 145 280 190 136 470 146 380 489 245 137 290 560 570 147 480 345 237 390 246 156 490 247 157 346 670 139 120 148 347 149 248 130 167 239 257 590 140 249 230 348 267 456 357 258 240 349 457 150 178 169 790 259 450 270 469 478
open,2026-07-22,Madhur Night,469,True,True,True,True,246 146 247 248 240 268 127 260 126 267 269 167 147 469 169 460 239 279 270 160 236 237 257 256 156 470 457 250 456 278 467 490 140 157 340 346 258 280 168 129 149 120 349 148 150 178 245 290 468 347 145 360 230 478 489 170 234 370 139 380,127 460 280 145 370 136 569 479 146 236 470 245 290 489 380 579 246 147 237 156 129 345 679 570 247 256 490 157 346 120 148 139 248 167 239 257 149 347 356 158 240 268 169 457 349 150 178 259 269 160 250 278 126 469 270 360 478 234 289 450
open,2026-07-23,Madhur Night,369,True,False,True,True,469 146 349 460 490 340 149 489 169 249 480 147 468 248 246 346 148 140 479 456 160 240 470 269 450 145 457 467 380 260 168 167 348 478 347 360 459 345 579 139 268 239 156 179 458 390 136 369 267 290 150 190 279 129 236 157 178 126 689 679,460 479 145 136 146 489 470 380 579 290 236 245 480 147 246 345 156 390 129 679 490 346 148 139 157 689 670 120 149 248 167 347 239 130 680 356 249 140 456 168 348 267 690 258 349 169 240 457 268 150 178 466 469 450 478 360 126 270 180 234
open,2026-07-20,Milan Night,470,False,False,False,True,169 158 168 569 156 359 149 245 467 269 469 456 129 126 147 179 189 145 150 246 136 128 367 689 160 157 457 167 159 468 148 250 170 459 127 289 140 130 369 137 279 146 123 249 257 356 138 268 568 589 579 450 489 368 230 247 239 248 458 345,569 145 136 127 245 128 137 146 579 489 236 678 156 129 147 246 138 589 345 679 158 149 167 130 257 356 239 248 168 456 159 140 249 230 267 258 169 150 367 457 123 268 358 259 359 467 269 179 160 250 368 458 469 126 289 568 450 180 270 135
open,2026-07-21,Milan Night,120,False,False,False,False,290 359 280 289 589 250 180 239 249 168 269 150 270 248 129 189 450 689 190 279 246 469 169 569 259 240 260 479 489 128 149 159 158 230 380 390 349 245 579 258 480 458 179 389 268 459 125 340 278 580 570 358 369 138 160 379 156 490 468 148,280 190 569 479 389 127 460 136 290 489 128 380 245 579 137 678 589 129 246 390 480 570 138 156 239 248 149 158 249 168 159 230 258 140 456 348 150 169 259 240 349 268 358 367 359 250 269 458 179 340 278 160 289 180 270 450 469 379 568 360
open,2026-07-22,Milan Night,270,True,True,True,True,179 129 279 150 570 127 289 280 230 270 158 190 260 379 290 359 250 160 269 180 157 257 168 189 579 689 137 258 170 380 128 278 147 125 569 367 138 169 469 267 239 450 680 130 357 126 178 159 370 460 368 249 268 360 589 236 123 148 679 480,127 280 190 569 370 460 136 479 290 579 137 380 128 236 245 678 129 570 147 138 589 679 480 390 230 168 258 267 357 159 249 140 150 367 169 178 268 123 457 259 179 359 250 160 269 278 368 467 279 260 189 170 289 270 379 180 469 450 126 360
open,2026-07-23,Milan Night,499,False,False,False,True,289 129 258 269 359 125 280 290 259 158 268 150 248 245 279 159 569 249 246 239 257 579 156 459 570 169 256 589 469 238 357 578 458 157 126 358 189 147 168 127 240 689 247 580 235 190 128 489 349 479 450 278 260 138 270 179 380 350 170 368,280 569 578 127 235 190 479 460 290 245 579 128 489 380 236 137 129 246 156 570 589 147 138 679 158 248 239 257 259 268 150 169 358 240 349 178 269 359 458 278 179 368 250 467 125 279 459 189 260 350 170 369 289 469 126 450 270 180 568 379
open,2026-07-20,Rajdhani Night,360,True,False,True,True,167 136 156 129 146 125 123 160 269 139 267 256 236 137 170 140 159 356 279 247 138 230 268 467 169 690 178 249 126 120 567 250 469 290 259 147 245 369 360 235 124 248 168 479 189 367 180 468 127 149 134 347 490 570 179 280 157 258 470 357,136 235 479 127 280 190 145 460 146 236 137 290 245 470 560 678 156 129 138 147 570 246 480 679 139 256 247 120 490 157 148 238 167 356 248 149 347 130 158 789 267 140 159 230 690 249 168 258 160 269 467 250 125 170 279 567 369 189 468 134
open,2026-07-21,Rajdhani Night,277,False,False,False,True,490 340 249 469 139 479 369 347 489 389 390 230 234 480 140 459 269 349 690 136 248 236 290 468 146 345 450 247 346 356 359 470 467 149 134 279 460 245 368 123 239 380 129 259 138 235 137 238 457 378 367 589 246 159 357 280 789 256 590 250,479 389 136 460 235 280 370 190 489 236 290 146 470 245 380 137 390 480 345 129 138 589 246 156 490 139 247 346 238 256 148 580 347 248 356 149 239 789 590 167 249 230 140 690 159 357 456 267 340 269 359 467 369 459 468 134 279 378 189 350
open,2026-07-22,Rajdhani Night,259,True,False,True,True,278 247 279 267 248 378 268 238 789 280 230 178 236 479 237 249 347 269 137 167 678 478 123 780 467 256 389 235 357 290 234 129 259 138 470 270 245 367 468 258 457 250 368 570 480 170 489 125 578 567 136 139 589 380 239 127 580 356 257 189,280 479 389 235 578 136 127 370 236 137 678 290 470 245 489 380 237 129 138 570 480 589 679 246 247 238 256 139 580 490 148 670 248 789 347 167 239 356 257 680 267 230 249 780 357 258 690 140 278 269 467 250 279 378 468 170 125 567 189 369
open,2026-07-23,Rajdhani Night,189,True,True,True,True,248 489 249 589 258 389 468 459 480 245 479 189 138 139 469 789 159 490 129 458 247 238 269 268 279 148 280 580 125 457 256 359 378 478 234 278 149 178 345 235 123 146 290 450 347 140 158 368 356 136 250 236 156 369 358 289 230 145 380 180,389 479 280 235 136 145 578 460 489 245 146 290 236 380 137 470 589 480 138 129 345 156 390 246 139 490 247 238 148 580 256 346 248 789 149 347 158 356 239 167 249 258 159 140 230 357 348 168 458 269 359 278 468 459 189 279 125 378 369 134
open,2026-07-20,Main Bazar,888,False,False,False,True,179 278 157 160 126 148 127 167 467 145 247 147 136 269 256 237 270 124 128 178 479 267 156 168 190 478 279 169 238 158 460 670 268 139 120 137 257 180 469 149 458 146 138 236 280 568 250 368 570 246 248 289 379 135 689 578 580 170 370 569,127 145 136 479 190 460 280 578 128 137 146 236 245 470 579 560 147 237 156 138 570 246 129 589 157 148 247 256 238 670 139 120 167 158 257 149 248 239 130 680 178 169 268 457 179 278 160 467 269 124 458 250 126 270 478 180 469 568 289 379
open,2026-07-21,Main Bazar,250,False,False,True,True,689 478 289 148 389 145 269 340 180 360 368 479 458 580 569 380 890 490 179 238 480 680 460 489 139 190 469 568 160 467 450 138 390 278 589 348 346 248 168 359 290 135 280 169 189 130 379 149 369 146 578 246 560 349 234 468 260 679 345 789,389 145 479 569 460 190 280 578 380 489 290 146 560 579 470 128 480 138 390 589 246 679 345 156 689 148 580 490 238 139 346 670 680 248 130 149 789 347 158 239 169 349 178 268 269 340 368 458 890 179 160 467 478 289 180 360 469 568 450 135
open,2026-07-22,Main Bazar,368,True,False,True,True,250 270 237 370 289 280 247 278 238 269 257 379 360 190 570 478 157 145 569 256 460 340 470 670 239 279 127 135 120 180 126 380 236 230 179 160 235 450 580 390 590 689 148 890 246 589 260 469 234 389 136 156 359 125 137 679 490 368 130 170,370 280 190 145 569 460 127 235 470 380 236 137 579 245 560 128 237 570 390 246 589 156 679 147 247 238 157 256 670 120 580 689 257 239 590 130 347 680 248 356 150 259 790 367 250 278 269 340 179 160 890 359 270 289 379 360 478 135 180 126
open,2026-07-23,Main Bazar,137,True,True,True,False,389 368 238 138 360 379 139 289 346 380 136 689 190 359 237 234 378 340 236 469 370 135 239 348 180 148 349 137 358 130 580 278 390 369 890 388 280 589 569 179 269 367 235 347 479 356 345 489 268 578 230 568 128 490 134 189 460 248 270 145,389 136 190 370 280 569 235 479 380 236 137 489 128 146 678 470 138 237 390 589 345 156 679 246 238 139 346 689 148 580 490 256 239 130 347 356 248 338 680 149 349 358 367 268 368 359 340 278 890 179 269 467 360 379 289 234 469 135 180 388
close_preopen,2026-07-20,Sridevi,790,True,True,True,True,168 670 680 679 169 690 156 460 159 136 126 480 246 267 390 346 158 890 349 147 456 134 468 178 170 479 268 139 368 370 350 489 380 146 124 389 249 145 259 130 190 230 780 280 490 357 790 129 148 367 236 567 258 135 450 469 256 358 459 240,168 670 680 679 169 690 156 460 159 136 126 480 246 267 390 346 158 890 349 147 456 134 468 178 170 479 268 139 368 370 350 489 380 146 124 389 249 145 259 130 190 230 780 280 490 357 790 129 148 367 236 567 258 135 450 469 256 358 459 240
close_preopen,2026-07-21,Sridevi,223,False,False,False,True,679 370 357 479 457 169 670 349 147 890 170 178 249 578 690 159 156 390 267 158 179 389 489 780 579 168 259 190 378 136 379 139 680 347 480 367 246 239 247 468 589 279 789 346 256 358 134 138 567 350 380 345 470 459 258 145 368 450 460 490,679 370 357 479 457 169 670 349 147 890 170 178 249 578 690 159 156 390 267 158 179 389 489 780 579 168 259 190 378 136 379 139 680 347 480 367 246 239 247 468 589 279 789 346 256 358 134 138 567 350 380 345 470 459 258 145 368 450 460 490
close_preopen,2026-07-22,Sridevi,247,True,True,True,True,259 349 258 249 457 357 246 239 345 267 679 670 256 234 247 370 168 126 389 358 235 280 156 159 390 268 238 158 136 367 230 479 468 169 680 279 124 480 236 380 125 139 147 237 346 350 347 780 378 578 289 145 123 567 178 134 456 489 248 270,259 349 258 249 457 357 246 239 345 267 679 670 256 234 247 370 168 126 389 358 235 280 156 159 390 268 238 158 136 367 230 479 468 169 680 279 124 480 236 380 125 139 147 237 346 350 347 780 378 578 289 145 123 567 178 134 456 489 248 270
close_preopen,2026-07-23,Sridevi,679,True,True,True,True,246 168 156 679 456 457 267 357 147 249 256 126 136 146 670 680 346 145 268 258 158 349 567 358 236 259 345 347 170 280 178 479 124 248 239 169 378 460 134 478 468 459 690 270 578 139 390 480 240 279 148 159 135 234 489 367 370 389 125 780,246 168 156 679 456 457 267 357 147 249 256 126 136 146 670 680 346 145 268 258 158 349 567 358 236 259 345 347 170 280 178 479 124 248 239 169 378 460 134 478 468 459 690 270 578 139 390 480 240 279 148 159 135 234 489 367 370 389 125 780
close_preopen,2026-07-20,Time Bazar,355,False,False,False,False,248 580 126 234 136 128 158 160 468 458 260 130 167 680 134 258 146 123 125 278 246 120 168 138 156 356 180 250 480 140 467 230 124 257 239 368 178 135 189 247 267 245 378 127 280 456 340 169 148 170 279 380 270 147 348 360 137 350 347 478,248 580 126 234 136 128 158 160 468 458 260 130 167 680 134 258 146 123 125 278 246 120 168 138 156 356 180 250 480 140 467 230 124 257 239 368 178 135 189 247 267 245 378 127 280 456 340 169 148 170 279 380 270 147 348 360 137 350 347 478
close_preopen,2026-07-21,Time Bazar,337,False,False,False,False,460 459 479 467 167 458 457 469 179 146 456 149 158 147 169 569 156 468 160 190 189 134 136 140 279 478 489 490 170 248 126 356 590 347 257 159 579 178 345 480 790 379 234 139 247 369 130 349 245 259 125 135 145 340 680 359 689 137 168 246,460 459 479 467 167 458 457 469 179 146 456 149 158 147 169 569 156 468 160 190 189 134 136 140 279 478 489 490 170 248 126 356 590 347 257 159 579 178 345 480 790 379 234 139 247 369 130 349 245 259 125 135 145 340 680 359 689 137 168 246
close_preopen,2026-07-22,Time Bazar,338,False,False,False,False,790 679 590 569 190 459 156 356 160 169 350 359 159 179 130 158 567 579 139 136 369 135 167 170 189 379 390 479 580 560 589 680 570 469 458 490 149 456 360 689 457 259 180 150 250 137 568 467 146 279 140 357 345 358 340 178 670 134 349 257,790 679 590 569 190 459 156 356 160 169 350 359 159 179 130 158 567 579 139 136 369 135 167 170 189 379 390 479 580 560 589 680 570 469 458 490 149 456 360 689 457 259 180 150 250 137 568 467 146 279 140 357 345 358 340 178 670 134 349 257
close_preopen,2026-07-23,Time Bazar,346,False,False,False,False,250 239 160 140 190 480 180 378 580 120 458 170 590 158 130 248 680 260 270 459 350 125 490 258 126 257 280 790 128 340 189 245 570 259 230 279 156 780 234 150 278 457 179 167 178 468 560 147 380 157 479 146 478 456 149 450 220 247 550 567,250 239 160 140 190 480 180 378 580 120 458 170 590 158 130 248 680 260 270 459 350 125 490 258 126 257 280 790 128 340 189 245 570 259 230 279 156 780 234 150 278 457 179 167 178 468 560 147 380 157 479 146 478 456 149 450 220 247 550 567
close_preopen,2026-07-20,Madhur Day,267,False,False,False,True,158 579 179 389 180 150 280 578 580 380 139 470 160 157 170 570 148 190 450 156 460 890 458 178 135 480 147 127 278 189 689 149 469 238 489 479 138 259 590 350 289 169 168 269 260 248 128 379 678 145 468 137 680 245 359 246 369 457 560 268,158 579 179 389 180 150 280 578 580 380 139 470 160 157 170 570 148 190 450 156 460 890 458 178 135 480 147 127 278 189 689 149 469 238 489 479 138 259 590 350 289 169 168 269 260 248 128 379 678 145 468 137 680 245 359 246 369 457 560 268
close_preopen,2026-07-21,Madhur Day,366,False,False,False,True,127 246 247 280 238 470 147 245 260 278 460 158 248 237 126 179 579 139 170 236 120 135 160 148 270 269 235 137 157 560 450 380 150 128 156 268 239 389 180 146 469 570 149 259 670 256 370 138 479 480 240 178 145 350 458 167 457 578 467 379,127 246 247 280 238 470 147 245 260 278 460 158 248 237 126 179 579 139 170 236 120 135 160 148 270 269 235 137 157 560 450 380 150 128 156 268 239 389 180 146 469 570 149 259 670 256 370 138 479 480 240 178 145 350 458 167 457 578 467 379
close_preopen,2026-07-22,Madhur Day,570,True,True,False,True,470 139 460 380 160 135 147 137 170 179 127 370 246 389 579 560 238 350 450 280 260 150 158 130 237 670 369 247 379 236 148 180 138 570 469 157 149 146 190 390 156 136 347 480 134 479 235 120 239 270 245 126 140 349 269 167 278 467 248 145,470 139 460 380 160 135 147 137 170 179 127 370 246 389 579 560 238 350 450 280 260 150 158 130 237 670 369 247 379 236 148 180 138 570 469 157 149 146 190 390 156 136 347 480 134 479 235 120 239 270 245 126 140 349 269 167 278 467 248 145
close_preopen,2026-07-23,Madhur Day,169,False,False,True,True,579 470 179 170 157 127 147 158 150 560 370 450 670 578 160 460 139 137 270 135 479 280 190 247 180 156 457 278 380 350 379 167 260 580 149 569 389 245 148 237 570 145 120 480 246 469 259 458 357 467 238 140 269 890 130 390 146 235 126 567,579 470 179 170 157 127 147 158 150 560 370 450 670 578 160 460 139 137 270 135 479 280 190 247 180 156 457 278 380 350 379 167 260 580 149 569 389 245 148 237 570 145 120 480 246 469 259 458 357 467 238 140 269 890 130 390 146 235 126 567
close_preopen,2026-07-20,Milan Day,220,False,False,False,False,156 267 679 168 670 246 269 260 237 467 268 278 270 126 257 256 167 160 248 469 356 120 239 570 127 569 460 136 560 346 345 179 129 238 230 147 170 678 456 468 789 138 690 390 470 178 568 279 146 169 249 258 369 360 124 130 479 458 368 247,156 267 679 168 670 246 269 260 237 467 268 278 270 126 257 256 167 160 248 469 356 120 239 570 127 569 460 136 560 346 345 179 129 238 230 147 170 678 456 468 789 138 690 390 470 178 568 279 146 169 249 258 369 360 124 130 479 458 368 247
close_preopen,2026-07-21,Milan Day,490,False,False,False,False,156 168 260 346 356 160 136 269 390 246 126 460 360 368 560 690 239 670 120 369 230 345 237 679 469 267 268 139 340 569 130 138 238 129 256 236 456 248 158 467 680 568 167 290 146 348 140 169 458 468 570 359 258 379 134 149 179 150 249 235,156 168 260 346 356 160 136 269 390 246 126 460 360 368 560 690 239 670 120 369 230 345 237 679 469 267 268 139 340 569 130 138 238 129 256 236 456 248 158 467 680 568 167 290 146 348 140 169 458 468 570 359 258 379 134 149 179 150 249 235
close_preopen,2026-07-22,Milan Day,349,False,False,False,False,570 250 257 270 345 560 470 237 230 670 578 580 780 150 458 590 390 370 156 340 260 450 280 170 258 120 790 278 589 248 157 579 240 245 350 158 290 130 357 457 679 267 478 239 467 480 235 460 456 238 360 256 770 356 789 359 568 140 380 358,570 250 257 270 345 560 470 237 230 670 578 580 780 150 458 590 390 370 156 340 260 450 280 170 258 120 790 278 589 248 157 579 240 245 350 158 290 130 357 457 679 267 478 239 467 480 235 460 456 238 360 256 770 356 789 359 568 140 380 358
close_preopen,2026-07-23,Milan Day,279,False,False,False,False,156 168 126 169 129 469 160 679 149 136 269 139 690 369 179 390 246 138 239 460 260 146 159 120 346 249 140 569 670 368 189 689 130 467 468 167 190 360 148 124 345 248 589 268 267 290 147 158 379 456 356 680 128 789 134 178 180 560 237 340,156 168 126 169 129 469 160 679 149 136 269 139 690 369 179 390 246 138 239 460 260 146 159 120 346 249 140 569 670 368 189 689 130 467 468 167 190 360 148 124 345 248 589 268 267 290 147 158 379 456 356 680 128 789 134 178 180 560 237 340
close_preopen,2026-07-20,Kalyan,579,False,False,True,True,367 260 340 460 360 450 349 347 350 470 480 280 780 790 348 478 346 250 467 468 268 148 136 357 160 247 120 479 135 234 457 670 137 368 380 269 890 560 370 679 345 240 134 459 690 236 168 169 238 390 147 458 125 369 256 124 248 170 270 140,367 260 340 460 360 450 349 347 350 470 480 280 780 790 348 478 346 250 467 468 268 148 136 357 160 247 120 479 135 234 457 670 137 368 380 269 890 560 370 679 345 240 134 459 690 236 168 169 238 390 147 458 125 369 256 124 248 170 270 140
close_preopen,2026-07-21,Kalyan,290,True,True,True,True,260 268 120 340 460 367 347 348 450 360 240 280 250 246 234 236 468 290 269 256 790 480 890 124 467 249 148 267 140 247 235 350 479 160 349 346 135 125 128 470 270 126 459 490 469 238 245 136 390 123 478 368 457 279 357 380 670 456 780 345,260 268 120 340 460 367 347 348 450 360 240 280 250 246 234 236 468 290 269 256 790 480 890 124 467 249 148 267 140 247 235 350 479 160 349 346 135 125 128 470 270 126 459 490 469 238 245 136 390 123 478 368 457 279 357 380 670 456 780 345
close_preopen,2026-07-22,Kalyan,260,False,False,False,True,478 367 347 157 457 479 357 459 148 147 467 458 348 578 137 345 456 468 679 168 135 145 780 678 167 450 178 568 268 189 470 138 125 589 346 156 349 790 136 567 569 247 368 150 570 340 480 134 356 169 579 358 350 890 379 378 256 179 160 369,478 367 347 157 457 479 357 459 148 147 467 458 348 578 137 345 456 468 679 168 135 145 780 678 167 450 178 568 268 189 470 138 125 589 346 156 349 790 136 567 569 247 368 150 570 340 480 134 356 169 579 358 350 890 379 378 256 179 160 369
close_preopen,2026-07-23,Kalyan,226,False,False,False,True,157 357 135 478 589 790 479 459 125 137 147 179 780 578 145 189 150 259 367 458 579 178 359 347 138 159 890 679 139 379 235 279 148 289 156 457 389 258 128 169 167 348 349 570 247 358 569 590 450 678 180 350 345 170 268 250 124 127 270 269,157 357 135 478 589 790 479 459 125 137 147 179 780 578 145 189 150 259 367 458 579 178 359 347 138 159 890 679 139 379 235 279 148 289 156 457 389 258 128 169 167 348 349 570 247 358 569 590 450 678 180 350 345 170 268 250 124 127 270 269
close_preopen,2026-07-20,Sridevi Night,167,True,True,True,True,579 569 159 479 789 359 156 678 358 679 578 345 157 469 257 137 167 567 290 139 459 368 259 135 379 378 279 790 136 178 190 170 158 580 457 367 489 690 179 189 570 127 590 370 125 247 147 350 256 478 235 780 269 347 357 458 470 168 356 349,579 569 159 479 789 359 156 678 358 679 578 345 157 469 257 137 167 567 290 139 459 368 259 135 379 378 279 790 136 178 190 170 158 580 457 367 489 690 179 189 570 127 590 370 125 247 147 350 256 478 235 780 269 347 357 458 470 168 356 349
close_preopen,2026-07-21,Sridevi Night,489,False,False,True,True,245 156 136 146 346 246 368 235 348 358 135 248 345 138 124 125 247 469 123 340 148 137 256 356 456 569 236 350 126 134 234 238 145 147 347 139 257 458 159 359 349 127 479 468 367 360 268 168 678 459 158 578 457 230 470 250 267 157 169 370,245 156 136 146 346 246 368 235 348 358 135 248 345 138 124 125 247 469 123 340 148 137 256 356 456 569 236 350 126 134 234 238 145 147 347 139 257 458 159 359 349 127 479 468 367 360 268 168 678 459 158 578 457 230 470 250 267 157 169 370
close_preopen,2026-07-22,Sridevi Night,237,False,False,False,True,479 359 569 579 469 248 159 358 789 127 139 459 578 290 349 156 368 137 348 136 268 679 379 678 190 135 347 259 378 490 790 370 247 169 279 690 345 350 257 457 235 157 147 346 367 470 146 458 148 478 269 340 149 170 189 590 356 178 567 158,479 359 569 579 469 248 159 358 789 127 139 459 578 290 349 156 368 137 348 136 268 679 379 678 190 135 347 259 378 490 790 370 247 169 279 690 345 350 257 457 235 157 147 346 367 470 146 458 148 478 269 340 149 170 189 590 356 178 567 158
close_preopen,2026-07-23,Sridevi Night,339,False,False,False,True,248 358 268 267 246 238 368 247 280 478 469 128 156 148 348 124 245 125 269 146 278 250 180 235 126 290 678 136 127 190 256 168 257 345 569 123 259 578 480 479 230 468 458 159 690 490 158 489 340 170 580 470 789 279 139 389 780 249 169 178,248 358 268 267 246 238 368 247 280 478 469 128 156 148 348 124 245 125 269 146 278 250 180 235 126 290 678 136 127 190 256 168 257 345 569 123 259 578 480 479 230 468 458 159 690 490 158 489 340 170 580 470 789 279 139 389 780 249 169 178
close_preopen,2026-07-20,Kalyan Night,228,False,False,False,False,126 160 460 167 120 260 256 267 236 230 689 368 168 670 560 169 268 136 269 146 258 270 280 156 360 370 249 469 346 490 238 690 569 190 680 127 246 124 130 456 247 678 567 129 234 467 250 139 780 468 356 568 158 279 790 580 290 278 248 369,126 160 460 167 120 260 256 267 236 230 689 368 168 670 560 169 268 136 269 146 258 270 280 156 360 370 249 469 346 490 238 690 569 190 680 127 246 124 130 456 247 678 567 129 234 467 250 139 780 468 356 568 158 279 790 580 290 278 248 369
close_preopen,2026-07-21,Kalyan Night,366,False,False,False,False,249 469 460 689 234 467 479 569 456 789 258 490 247 346 279 348 489 256 579 267 139 790 248 347 236 168 126 269 159 230 890 167 238 567 370 380 368 148 239 278 580 369 289 149 379 268 780 136 259 468 179 389 478 670 190 358 260 678 245 458,249 469 460 689 234 467 479 569 456 789 258 490 247 346 279 348 489 256 579 267 139 790 248 347 236 168 126 269 159 230 890 167 238 567 370 380 368 148 239 278 580 369 289 149 379 268 780 136 259 468 179 389 478 670 190 358 260 678 245 458
close_preopen,2026-07-22,Kalyan Night,178,False,False,False,False,278 230 780 247 270 120 258 280 370 267 238 279 248 167 235 670 249 257 127 378 157 580 570 790 289 250 789 256 234 124 490 460 260 579 130 139 237 380 290 479 470 170 259 245 347 236 137 678 379 578 357 450 467 269 567 239 348 126 478 128,278 230 780 247 270 120 258 280 370 267 238 279 248 167 235 670 249 257 127 378 157 580 570 790 289 250 789 256 234 124 490 460 260 579 130 139 237 380 290 479 470 170 259 245 347 236 137 678 379 578 357 450 467 269 567 239 348 126 478 128
close_preopen,2026-07-23,Kalyan Night,448,False,False,False,False,379 348 346 378 139 370 380 347 369 130 235 234 359 357 490 247 479 349 167 389 137 578 238 134 236 358 230 489 368 689 780 789 360 790 460 469 136 278 239 579 456 367 249 580 569 135 159 258 345 145 678 679 356 158 157 149 467 570 279 168,379 348 346 378 139 370 380 347 369 130 235 234 359 357 490 247 479 349 167 389 137 578 238 134 236 358 230 489 368 689 780 789 360 790 460 469 136 278 239 579 456 367 249 580 569 135 159 258 345 145 678 679 356 158 157 149 467 570 279 168
close_preopen,2026-07-20,Madhur Night,799,False,False,False,False,250 240 450 290 238 256 150 259 289 359 260 280 235 480 239 589 120 350 234 245 690 249 490 257 390 258 269 129 890 458 360 356 125 145 460 127 560 128 279 123 230 380 236 159 780 358 180 357 170 579 267 457 248 158 489 237 246 569 790 456,250 240 450 290 238 256 150 259 289 359 260 280 235 480 239 589 120 350 234 245 690 249 490 257 390 258 269 129 890 458 360 356 125 145 460 127 560 128 279 123 230 380 236 159 780 358 180 357 170 579 267 457 248 158 489 237 246 569 790 456
close_preopen,2026-07-21,Madhur Night,249,True,True,True,False,234 240 359 160 450 239 360 127 270 390 137 367 690 290 379 170 250 150 260 479 357 267 269 369 129 279 123 467 237 356 490 249 179 790 460 350 236 579 457 120 169 167 145 679 235 256 257 480 157 259 238 159 246 289 378 670 130 569 156 147,234 240 359 160 450 239 360 127 270 390 137 367 690 290 379 170 250 150 260 479 357 267 269 369 129 279 123 467 237 356 490 249 179 790 460 350 236 579 457 120 169 167 145 679 235 256 257 480 157 259 238 159 246 289 378 670 130 569 156 147
close_preopen,2026-07-22,Madhur Night,880,False,False,False,False,480 240 450 589 489 289 490 690 890 458 150 290 179 145 460 478 148 789 479 250 180 178 129 468 269 270 780 170 259 159 278 579 260 280 790 158 457 127 467 169 689 569 279 248 359 256 128 456 120 245 246 234 190 679 568 267 160 156 257 238,480 240 450 589 489 289 490 690 890 458 150 290 179 145 460 478 148 789 479 250 180 178 129 468 269 270 780 170 259 159 278 579 260 280 790 158 457 127 467 169 689 569 279 248 359 256 128 456 120 245 246 234 190 679 568 267 160 156 257 238
close_preopen,2026-07-23,Madhur Night,577,False,False,False,False,480 240 450 458 478 148 680 250 780 468 180 280 150 278 460 248 145 128 270 457 158 238 467 260 178 234 127 568 170 245 489 256 289 246 589 258 578 456 268 120 378 678 267 890 156 490 157 160 360 380 560 257 670 147 124 167 358 444 125 888,480 240 450 458 478 148 680 250 780 468 180 280 150 278 460 248 145 128 270 457 158 238 467 260 178 234 127 568 170 245 489 256 289 246 589 258 578 456 268 120 378 678 267 890 156 490 157 160 360 380 560 257 670 147 124 167 358 444 125 888
close_preopen,2026-07-20,Milan Night,239,False,False,False,False,240 280 169 150 249 269 258 246 380 260 680 120 179 460 268 158 167 270 170 250 580 190 160 479 570 350 370 230 140 389 149 670 267 259 289 490 346 290 180 257 247 360 450 168 470 189 146 690 349 256 358 178 136 459 458 569 159 148 156 278,240 280 169 150 249 269 258 246 380 260 680 120 179 460 268 158 167 270 170 250 580 190 160 479 570 350 370 230 140 389 149 670 267 259 289 490 346 290 180 257 247 360 450 168 470 189 146 690 349 256 358 178 136 459 458 569 159 148 156 278
close_preopen,2026-07-21,Milan Night,179,True,True,True,False,479 179 249 169 240 280 258 149 389 269 289 380 349 150 190 459 189 167 247 279 370 170 158 257 570 178 268 147 580 246 679 259 458 460 490 267 278 579 346 359 489 470 270 148 159 578 140 680 478 670 250 358 157 457 350 345 146 180 120 569,479 179 249 169 240 280 258 149 389 269 289 380 349 150 190 459 189 167 247 279 370 170 158 257 570 178 268 147 580 246 679 259 458 460 490 267 278 579 346 359 489 470 270 148 159 578 140 680 478 670 250 358 157 457 350 345 146 180 120 569
close_preopen,2026-07-22,Milan Night,299,False,False,False,False,240 249 149 479 349 169 280 490 460 380 150 250 246 269 459 389 140 190 458 258 580 450 289 470 259 247 189 179 340 469 158 680 350 268 370 345 570 489 346 170 260 148 359 230 120 159 290 167 390 147 480 146 569 360 180 690 245 590 457 358,240 249 149 479 349 169 280 490 460 380 150 250 246 269 459 389 140 190 458 258 580 450 289 470 259 247 189 179 340 469 158 680 350 268 370 345 570 489 346 170 260 148 359 230 120 159 290 167 390 147 480 146 569 360 180 690 245 590 457 358
close_preopen,2026-07-23,Milan Night,113,False,False,False,False,479 249 280 240 380 169 258 150 389 179 178 148 158 458 268 247 349 167 147 246 580 370 289 250 170 189 460 680 149 345 358 470 478 459 578 457 346 269 140 278 570 270 180 489 257 279 480 490 348 378 340 467 146 359 350 347 267 168 190 259,479 249 280 240 380 169 258 150 389 179 178 148 158 458 268 247 349 167 147 246 580 370 289 250 170 189 460 680 149 345 358 470 478 459 578 457 346 269 140 278 570 270 180 489 257 279 480 490 348 378 340 467 146 359 350 347 267 168 190 259
close_preopen,2026-07-20,Rajdhani Night,114,False,False,False,False,580 180 358 568 589 590 450 258 280 560 458 578 480 235 179 250 248 238 257 158 230 360 168 268 130 380 159 478 348 150 680 570 389 357 456 345 550 350 780 569 489 256 370 460 359 135 588 579 145 189 148 459 157 259 190 260 270 890 125 388,580 180 358 568 589 590 450 258 280 560 458 578 480 235 179 250 248 238 257 158 230 360 168 268 130 380 159 478 348 150 680 570 389 357 456 345 550 350 780 569 489 256 370 460 359 135 588 579 145 189 148 459 157 259 190 260 270 890 125 388
close_preopen,2026-07-21,Rajdhani Night,770,False,False,False,False,168 146 126 360 169 469 180 369 267 167 268 130 569 236 568 689 156 460 149 690 367 159 189 137 160 190 560 447 678 456 260 346 389 680 246 148 179 135 256 166 157 478 138 467 238 670 349 230 567 370 140 170 589 348 239 358 347 489 139 235,168 146 126 360 169 469 180 369 267 167 268 130 569 236 568 689 156 460 149 690 367 159 189 137 160 190 560 447 678 456 260 346 389 680 246 148 179 135 256 166 157 478 138 467 238 670 349 230 567 370 140 170 589 348 239 358 347 489 139 235
close_preopen,2026-07-22,Rajdhani Night,145,True,True,False,False,250 568 589 180 258 580 257 578 358 458 168 235 268 590 248 450 158 159 478 280 560 256 569 238 147 157 579 480 456 357 145 389 148 267 125 150 489 230 189 459 259 135 345 360 348 270 289 570 126 588 146 780 128 469 130 457 359 680 278 555,250 568 589 180 258 580 257 578 358 458 168 235 268 590 248 450 158 159 478 280 560 256 569 238 147 157 579 480 456 357 145 389 148 267 125 150 489 230 189 459 259 135 345 360 348 270 289 570 126 588 146 780 128 469 130 457 359 680 278 555
close_preopen,2026-07-23,Rajdhani Night,579,True,True,True,False,469 146 168 460 690 169 360 180 569 689 149 267 126 560 568 456 268 478 246 190 260 590 489 680 358 490 369 128 159 467 479 670 480 167 450 678 189 589 160 248 236 140 349 459 256 148 130 579 346 468 179 156 567 270 389 280 147 669 290 367,469 146 168 460 690 169 360 180 569 689 149 267 126 560 568 456 268 478 246 190 260 590 489 680 358 490 369 128 159 467 479 670 480 167 450 678 189 589 160 248 236 140 349 459 256 148 130 579 346 468 179 156 567 270 389 280 147 669 290 367
close_preopen,2026-07-20,Main Bazar,390,True,True,False,False,156 569 249 359 239 127 468 258 167 168 235 245 467 147 169 234 579 246 457 125 256 290 134 159 124 137 260 269 247 250 348 470 148 356 237 490 460 158 267 489 469 346 370 160 389 690 340 678 257 135 450 590 238 349 369 178 567 390 689 456,156 569 249 359 239 127 468 258 167 168 235 245 467 147 169 234 579 246 457 125 256 290 134 159 124 137 260 269 247 250 348 470 148 356 237 490 460 158 267 489 469 346 370 160 389 690 340 678 257 135 450 590 238 349 369 178 567 390 689 456
close_preopen,2026-07-21,Main Bazar,679,False,False,True,False,147 457 359 579 127 569 156 234 249 137 340 467 167 470 370 134 247 245 168 468 348 239 670 390 237 235 469 258 570 169 356 450 125 145 124 250 379 460 159 158 567 346 290 269 349 256 246 490 357 135 148 260 257 160 378 489 350 456 479 170,147 457 359 579 127 569 156 234 249 137 340 467 167 470 370 134 247 245 168 468 348 239 670 390 237 235 469 258 570 169 356 450 125 145 124 250 379 460 159 158 567 346 290 269 349 256 246 490 357 135 148 260 257 160 378 489 350 456 479 170
close_preopen,2026-07-22,Main Bazar,100,False,False,False,False,147 156 468 249 148 258 168 127 245 247 569 579 457 167 470 467 678 124 128 246 489 689 670 290 189 125 469 158 178 159 250 260 234 169 570 248 170 359 256 450 269 137 478 460 348 567 237 590 267 149 289 140 179 890 458 490 239 270 340 160,147 156 468 249 148 258 168 127 245 247 569 579 457 167 470 467 678 124 128 246 489 689 670 290 189 125 469 158 178 159 250 260 234 169 570 248 170 359 256 450 269 137 478 460 348 567 237 590 267 149 289 140 179 890 458 490 239 270 340 160
close_preopen,2026-07-23,Main Bazar,139,False,False,False,False,168 468 147 457 678 670 467 470 156 245 258 127 167 148 569 246 460 158 249 579 348 247 689 489 480 567 248 340 178 356 469 570 128 456 234 160 478 290 267 250 237 260 134 370 458 346 169 189 600 269 680 124 450 145 140 137 789 378 690 125,168 468 147 457 678 670 467 470 156 245 258 127 167 148 569 246 460 158 249 579 348 247 689 489 480 567 248 340 178 356 469 570 128 456 234 160 478 290 267 250 237 260 134 370 458 346 169 189 600 269 680 124 450 145 140 137 789 378 690 125
