task,date,market,route,actual,routedHit,baselineHit,topPanels
open,2026-07-06,Sridevi,dynamic_wd1,378,True,True,150 268 180 170 356 269 350 258 169 130 156 159 160 167 267 468 250 280 378 189 569 359 369 560 230 590 289 126 138 140 368 460 190 380 149 568 578 680 349 270 567 260 580 390 379 360 257 469 478 780 145 136 148 450 279 278 158 358 467 357
open,2026-07-07,Sridevi,dynamic_wd1,579,False,True,268 279 278 289 258 238 378 478 230 269 380 379 280 368 267 359 257 578 248 189 167 348 349 138 358 789 369 270 350 357 388 468 130 680 367 780 170 390 180 178 356 250 169 347 247 568 149 457 370 480 126 290 360 260 678 389 148 159 137 458
open,2026-07-08,Sridevi,dynamic_wd1,180,True,True,279 457 149 170 257 258 349 269 147 459 240 247 159 150 270 450 289 250 145 167 478 140 267 278 467 350 379 359 180 590 248 578 347 249 230 570 268 460 357 458 130 124 169 148 469 125 290 280 567 126 160 179 190 156 340 134 127 390 256 560
open,2026-07-09,Sridevi,dynamic_wd1,469,False,False,167 156 356 159 169 569 359 150 350 457 170 560 268 160 468 578 567 459 279 257 357 267 450 145 590 369 130 140 349 269 478 460 467 189 258 250 680 149 158 379 568 146 570 138 360 256 456 367 136 390 148 270 345 230 368 278 580 190 126 458
open,2026-07-10,Sridevi,dynamic_wd1,117,False,False,149 169 159 349 189 279 167 459 145 379 369 269 457 156 359 147 569 179 146 170 140 468 148 478 150 289 160 138 190 467 267 469 178 268 356 134 460 458 258 139 489 347 590 578 567 249 679 248 126 789 278 450 130 456 257 490 390 589 247 348
open,2026-07-11,Sridevi,dynamic_wd1,578,True,True,279 268 267 269 167 170 278 257 169 126 478 149 147 289 270 160 258 247 189 156 457 468 150 467 140 240 280 460 178 159 248 179 246 230 260 127 369 290 379 250 124 148 130 138 569 146 780 567 349 125 128 578 256 789 680 238 145 190 359 259
open,2026-07-12,Sridevi,dynamic_wd1,580,True,True,350 279 268 230 250 260 270 258 170 257 278 238 267 280 380 269 357 570 167 150 780 359 379 130 370 457 289 680 560 138 349 356 478 248 378 358 450 160 290 240 580 367 460 369 247 567 569 468 159 360 480 178 235 368 125 568 347 256 169 189
open,2026-07-13,Sridevi,dynamic_wd1,700,False,False,350 150 170 359 158 130 159 258 358 450 357 250 356 380 590 570 457 379 140 230 478 349 145 459 390 780 257 560 270 138 370 345 149 189 190 279 348 156 480 458 569 680 280 567 147 347 238 468 289 340 589 148 460 568 578 180 167 134 369 240
open,2026-07-14,Sridevi,dynamic_wd1,348,False,False,257 279 258 457 159 268 167 269 158 250 478 267 145 278 170 359 149 150 289 156 569 459 169 260 357 270 259 256 468 350 567 568 560 147 125 247 189 450 249 356 570 126 458 379 590 467 160 157 248 456 358 140 178 349 578 789 238 230 780 369
open,2026-07-15,Sridevi,dynamic_wd1,289,True,False,279 349 289 268 149 478 189 468 379 269 258 138 148 278 369 789 238 169 359 380 158 378 167 159 249 178 358 368 489 389 459 147 248 170 367 347 140 467 458 388 457 139 890 568 130 267 390 480 348 569 589 134 357 680 168 356 350 780 145 247
open,2026-07-16,Sridevi,dynamic_wd1,235,False,False,478 349 279 379 167 149 140 468 170 278 347 467 378 147 457 268 267 359 367 189 148 169 247 270 459 380 248 357 138 369 238 179 390 269 789 480 790 159 145 130 158 249 230 460 134 356 350 780 346 370 257 137 146 450 178 139 569 340 458 258
open,2026-07-17,Sridevi,dynamic_wd1,359,True,True,170 270 278 267 258 140 150 279 457 780 167 478 268 250 570 257 280 260 178 450 160 567 158 379 460 680 247 568 147 350 248 145 156 230 159 480 467 380 357 269 468 238 356 130 560 367 240 347 138 349 256 358 378 458 149 370 359 180 148 790
open,2026-07-18,Sridevi,dynamic_wd1,347,False,True,140 268 158 150 258 189 478 170 468 149 450 568 458 280 279 159 350 460 349 269 160 380 480 459 680 250 148 780 169 260 457 560 138 130 569 278 240 248 156 230 145 190 590 369 290 570 890 180 358 370 489 147 390 167 356 789 589 379 238 256
open,2026-07-19,Sridevi,dynamic_wd1,268,True,True,279 269 349 268 149 259 258 159 189 169 459 248 238 278 379 267 569 158 167 369 249 478 468 138 247 260 257 170 457 290 250 145 289 147 280 148 230 126 489 140 179 270 789 125 458 357 178 139 234 350 246 589 467 367 190 389 568 150 567 240
open,2026-07-06,Time Bazar,lowrank_d25,234,True,False,246 189 239 268 234 126 580 160 146 137 670 569 130 147 230 178 389 270 258 368 278 390 169 168 148 237 490 349 145 280 478 124 678 149 267 790 340 158 789 560 179 467 468 469 138 356 128 257 279 380 120 348 235 458 170 568 127 123 250 399
open,2026-07-07,Time Bazar,lowrank_d25,266,False,False,589 239 357 689 289 890 690 127 390 130 269 590 160 680 347 169 180 247 570 158 569 367 358 279 259 256 168 478 128 360 480 167 290 237 235 126 467 246 457 350 230 146 468 120 236 140 340 280 159 134 370 249 150 240 780 790 250 368 460 469
open,2026-07-08,Time Bazar,lowrank_d25,470,True,False,347 130 147 379 127 479 189 170 246 340 168 120 123 370 137 470 390 289 467 235 247 135 357 277 260 478 160 249 270 569 148 237 490 128 670 345 169 145 278 477 369 358 349 250 579 367 678 378 279 157 167 580 139 780 179 567 239 269 468 368
open,2026-07-09,Time Bazar,lowrank_d25,169,True,True,250 158 169 680 150 589 136 690 390 460 890 689 234 134 236 160 569 126 120 490 267 258 280 389 247 349 124 579 450 458 239 259 334 168 145 230 560 357 128 350 237 278 149 346 130 670 148 256 245 368 290 479 235 170 590 289 137 138 360 469
open,2026-07-10,Time Bazar,lowrank_d25,349,False,True,260 120 168 560 458 136 256 470 368 460 360 158 568 478 259 479 469 279 679 169 240 148 267 250 237 160 157 579 270 269 480 569 356 235 359 490 146 689 389 468 126 239 570 135 189 234 139 249 380 348 129 159 457 150 238 236 589 178 230 145
open,2026-07-11,Time Bazar,lowrank_d25,348,False,False,160 279 149 250 169 259 357 590 235 178 450 247 478 680 134 158 240 150 690 349 249 389 267 359 689 260 579 236 380 360 578 790 589 460 670 280 148 568 569 234 480 479 126 140 170 789 470 290 466 356 390 780 457 130 147 258 159 137 269 467
open,2026-07-13,Time Bazar,lowrank_d25,779,False,False,468 149 130 357 246 568 579 269 590 256 160 290 147 279 156 168 340 458 467 124 248 140 570 268 680 460 780 259 679 128 890 678 380 146 367 120 369 789 688 150 347 349 249 158 489 270 134 127 180 137 224 479 250 689 569 260 169 255 480 478
open,2026-07-14,Time Bazar,lowrank_d25,588,False,False,460 469 137 368 148 458 560 157 470 590 279 456 679 149 234 478 360 138 370 158 358 235 568 247 126 689 356 290 256 168 379 124 339 479 259 267 499 130 340 169 147 240 467 159 678 160 348 770 120 238 789 670 578 134 489 150 345 468 890 190
open,2026-07-15,Time Bazar,lowrank_d25,200,False,False,150 130 160 590 158 250 349 478 120 458 348 146 149 357 239 136 137 279 350 240 690 249 568 670 280 125 290 127 237 589 167 170 238 467 168 258 340 890 780 499 140 190 479 169 267 390 235 359 138 178 380 245 234 447 134 580 247 470 129 367
open,2026-07-16,Time Bazar,lowrank_d25,158,True,True,250 247 589 158 169 590 689 267 167 170 390 890 239 690 237 236 357 249 168 356 147 160 467 159 780 234 380 128 136 680 259 245 789 579 129 127 389 569 479 348 256 679 570 290 347 266 137 150 350 189 460 279 289 568 126 360 790 450 368 260
open,2026-07-17,Time Bazar,lowrank_d25,446,False,False,890 357 259 450 480 680 249 246 269 570 168 130 479 247 289 260 169 358 140 235 390 280 250 780 340 380 129 189 689 468 579 158 589 136 279 347 180 167 790 268 124 126 128 789 135 120 458 257 256 160 149 679 267 147 467 237 159 460 367 170
open,2026-07-18,Time Bazar,lowrank_d25,460,False,False,168 120 290 459 157 250 590 146 347 480 578 348 356 239 135 158 167 570 169 490 123 337 170 190 236 589 368 390 346 270 279 127 789 247 245 277 369 128 467 569 267 456 259 145 125 235 260 370 148 268 126 233 138 257 248 450 129 899 150 180
open,2026-07-06,Madhur Day,dynamic_wd1,889,False,False,260 680 780 470 280 670 230 480 240 130 270 248 268 267 360 269 350 468 570 380 120 238 678 378 140 490 278 167 249 279 348 489 340 560 239 368 250 138 590 369 390 178 257 370 580 460 190 290 789 160 236 358 220 189 890 367 168 128 149 179
open,2026-07-07,Madhur Day,dynamic_wd1,168,False,True,249 349 149 369 347 239 459 348 345 489 346 269 469 456 479 359 468 248 340 490 467 246 470 279 139 236 247 146 379 147 240 350 367 267 234 449 357 179 257 378 167 458 499 130 356 134 368 579 569 390 230 238 358 245 140 169 457 450 137 260
open,2026-07-08,Madhur Day,dynamic_wd1,157,True,True,130 138 139 137 167 149 179 350 157 369 239 159 158 169 136 147 359 347 156 134 146 123 367 378 129 357 140 236 358 125 230 178 348 238 345 189 120 257 356 360 190 269 349 368 340 237 260 166 235 379 145 150 128 267 170 390 249 160 155 279
open,2026-07-09,Madhur Day,dynamic_wd1,579,False,False,260 680 269 268 120 167 280 267 670 130 570 780 250 257 270 158 160 590 560 150 190 279 230 128 350 678 189 169 240 278 178 129 179 248 289 258 256 170 290 580 568 360 140 126 125 468 470 168 159 239 220 238 480 567 138 156 369 589 690 236
open,2026-07-10,Madhur Day,dynamic_wd1,370,False,False,248 240 249 260 278 257 470 279 280 270 480 247 570 489 780 250 269 267 230 268 120 680 490 239 149 140 468 238 258 458 450 348 246 289 129 128 290 590 478 350 220 245 670 789 130 459 178 147 479 340 378 158 347 179 124 589 460 288 167 440
open,2026-07-11,Madhur Day,dynamic_wd1,138,True,True,158 589 257 258 358 159 458 459 149 248 489 189 179 570 138 350 578 178 359 378 590 348 249 357 279 150 789 125 239 568 167 238 157 278 457 345 130 468 147 567 128 456 579 139 580 269 145 450 129 558 259 137 235 780 347 250 478 289 569 480
open,2026-07-12,Madhur Day,dynamic_wd1,458,False,False,167 378 678 368 369 267 367 178 137 268 179 358 269 238 158 567 789 257 680 239 236 279 468 278 189 568 357 169 130 389 138 139 670 348 379 168 356 260 347 237 578 360 780 258 350 589 359 248 366 128 467 570 136 569 149 489 156 689 336 159
open,2026-07-13,Madhur Day,dynamic_wd1,357,True,True,130 350 369 390 360 149 490 139 190 590 470 340 179 670 260 140 349 167 239 570 230 690 680 137 169 347 379 359 170 269 150 160 367 159 249 378 240 279 380 450 780 560 459 370 120 357 348 270 480 489 189 460 479 790 147 389 146 134 136 368
open,2026-07-14,Madhur Day,dynamic_wd1,490,True,False,248 257 260 279 270 120 240 278 280 267 780 130 178 470 570 258 230 128 249 158 238 179 250 680 167 480 268 239 378 149 140 170 350 269 129 189 247 789 489 590 147 125 670 150 289 290 190 220 127 490 237 580 348 678 137 468 358 578 478 288
open,2026-07-15,Madhur Day,dynamic_wd1,269,True,False,149 459 248 489 249 468 158 456 147 257 348 159 146 145 457 167 345 589 179 450 140 258 458 479 470 189 347 245 169 478 240 269 480 247 358 349 178 469 467 148 279 246 125 124 567 568 590 570 455 134 239 359 129 350 789 268 238 569 369 378
open,2026-07-16,Madhur Day,dynamic_wd1,239,True,False,149 179 147 167 347 137 459 479 470 159 457 257 178 158 130 489 139 349 249 140 570 279 378 146 157 369 467 134 169 345 348 379 189 350 145 567 456 359 468 789 478 239 367 247 248 579 170 590 358 450 267 177 469 357 589 150 678 129 190 340
open,2026-07-17,Madhur Day,dynamic_wd1,589,False,False,780 278 378 470 270 178 267 248 257 279 167 260 247 678 570 670 240 347 478 230 238 147 170 237 680 280 789 130 268 137 480 179 348 468 120 128 249 158 258 367 140 467 127 578 489 350 360 479 277 380 149 567 770 189 370 340 236 358 177 457
open,2026-07-18,Madhur Day,dynamic_wd1,256,False,False,350 230 260 130 360 590 240 680 369 570 560 390 340 238 358 250 257 249 470 248 450 348 236 359 380 480 120 279 378 280 258 140 270 670 150 239 268 149 267 459 235 780 468 489 368 158 349 139 347 356 290 190 580 345 167 389 690 456 159 460
open,2026-07-19,Madhur Day,dynamic_wd1,120,True,False,130 167 260 150 120 350 190 169 179 170 160 156 159 570 140 560 590 230 149 158 137 125 139 670 257 129 360 267 369 250 680 270 279 126 189 157 178 146 166 567 690 470 240 390 236 147 155 128 168 136 569 110 127 177 359 367 290 100 356 269
open,2026-06-29,Milan Day,lowrank_d50,677,False,False,278 169 358 230 268 348 189 258 589 145 349 235 237 569 279 130 580 180 368 178 468 389 168 259 158 578 234 248 367 124 136 239 470 478 148 123 347 140 270 126 280 150 369 128 689 378 390 134 459 479 357 125 670 340 238 146 236 780 249 147
open,2026-06-30,Milan Day,lowrank_d50,557,False,False,169 120 578 679 127 260 678 269 279 467 270 378 167 240 290 259 459 137 358 237 470 670 340 246 256 128 157 179 147 146 149 579 460 139 349 367 236 369 158 247 125 134 230 569 457 348 250 479 135 136 368 456 289 190 266 560 220 170 370 129
open,2026-07-01,Milan Day,lowrank_d50,223,False,False,358 158 178 169 569 578 145 257 189 367 235 579 136 456 135 279 120 357 157 678 168 356 125 179 470 148 147 258 349 180 380 370 278 340 378 580 137 130 124 250 268 237 259 230 140 348 245 590 369 234 269 459 379 670 123 150 260 127 679 156
open,2026-07-02,Milan Day,lowrank_d50,179,True,True,235 249 134 129 178 136 268 340 189 260 349 289 124 269 279 246 468 126 259 180 147 130 168 140 480 125 128 169 278 370 358 158 257 368 247 570 179 380 250 369 299 456 230 378 237 460 239 348 149 467 280 679 678 240 248 145 277 347 579 150
open,2026-07-03,Milan Day,lowrank_d50,356,False,False,180 278 279 140 129 270 189 130 269 268 120 145 230 158 579 560 370 169 179 349 259 136 368 250 178 126 347 678 289 167 267 358 277 147 459 470 578 190 240 780 258 127 157 367 170 168 125 369 150 468 670 377 149 350 137 237 159 679 256 460
open,2026-07-04,Milan Day,lowrank_d50,450,False,False,368 358 136 158 189 180 178 560 269 678 367 468 230 349 278 568 350 569 270 258 579 567 237 167 370 238 670 179 268 169 578 379 130 359 279 348 126 689 580 150 780 134 259 138 235 378 389 139 380 460 137 377 190 330 148 280 140 246 690 123
open,2026-07-06,Milan Day,lowrank_d50,130,True,False,240 349 358 130 569 180 279 340 345 259 140 459 280 457 150 470 670 278 230 158 290 367 246 357 145 450 578 134 124 270 590 589 348 790 570 268 149 469 250 580 780 890 347 235 468 256 390 239 247 249 129 269 169 245 160 460 179 467 170 478
open,2026-07-07,Milan Day,lowrank_d50,677,False,False,136 180 230 140 169 150 470 158 120 178 560 368 390 358 259 134 349 145 160 146 168 189 258 235 238 139 149 379 490 279 460 580 468 280 250 135 569 156 378 260 138 240 126 457 159 578 269 330 270 157 690 370 234 190 170 369 670 389 570 289
open,2026-07-08,Milan Day,lowrank_d50,160,True,True,579 180 178 678 169 279 459 670 467 260 120 269 590 158 259 569 170 578 157 136 189 250 367 160 460 168 470 156 249 278 790 140 240 127 349 359 280 167 560 147 567 150 179 357 450 190 145 258 290 379 457 370 235 230 690 289 679 270 456 268
open,2026-07-09,Milan Day,lowrank_d50,350,False,False,136 460 689 158 189 150 135 168 578 368 590 340 169 358 680 180 569 468 130 560 178 678 360 167 140 126 250 589 260 268 370 280 679 356 235 146 269 349 149 256 470 128 134 567 230 147 789 378 124 160 170 490 258 570 145 579 277 489 459 380
open,2026-07-10,Milan Day,lowrank_d50,448,False,False,136 145 180 380 120 140 560 158 268 150 230 349 590 279 259 130 250 278 270 238 258 370 780 269 478 190 189 129 240 260 157 178 460 367 350 280 357 358 348 235 369 289 578 124 690 249 169 340 147 457 579 568 470 134 125 128 330 168 267 678
open,2026-07-11,Milan Day,lowrank_d50,240,False,True,136 468 134 690 145 349 135 150 168 368 250 460 589 137 189 125 124 178 568 138 466 348 147 578 456 689 148 580 370 469 160 158 678 358 230 120 259 180 248 140 169 478 235 560 680 379 459 156 467 123 279 155 268 179 590 258 249 239 347 670
open,2026-07-13,Milan Day,lowrank_d50,449,False,False,180 140 158 459 240 578 569 149 150 280 270 560 580 120 259 358 129 178 670 145 250 290 148 457 235 380 160 125 579 189 340 456 268 367 245 690 257 169 127 390 247 590 277 347 279 479 770 260 128 258 124 248 349 378 470 360 345 157 348 389
open,2026-07-14,Milan Day,lowrank_d50,590,False,True,349 169 479 148 149 289 136 379 269 259 457 489 146 490 348 456 137 390 134 120 679 689 260 279 290 190 139 240 358 339 467 567 277 237 158 569 249 370 589 239 470 340 268 568 368 248 238 235 448 140 126 179 245 579 128 246 690 499 159 346
open,2026-07-15,Milan Day,lowrank_d50,149,True,True,579 569 180 459 349 279 259 269 158 379 250 358 149 140 578 235 289 280 470 450 457 580 590 560 370 145 479 290 567 169 258 168 460 359 170 490 440 136 179 390 456 380 189 120 178 679 489 257 589 129 670 780 156 689 270 690 678 245 150 469
open,2026-07-16,Milan Day,lowrank_d50,137,False,True,460 148 479 269 440 579 468 190 349 259 679 136 249 134 457 456 169 480 146 279 158 149 248 240 368 570 289 139 260 235 467 128 390 478 490 178 470 123 156 126 145 124 499 130 450 189 567 569 360 780 550 150 489 379 689 160 257 459 345 680
open,2026-07-17,Milan Day,lowrank_d50,280,False,True,180 349 278 140 470 279 230 267 358 136 268 270 189 145 369 147 158 579 347 570 370 368 250 120 259 178 350 235 130 560 690 377 157 269 780 237 330 460 670 150 238 345 378 340 380 468 258 490 777 578 678 346 159 459 379 246 240 139 134 170
open,2026-07-18,Milan Day,lowrank_d50,178,True,True,180 230 158 358 589 468 290 269 569 235 258 250 578 168 349 270 560 348 178 238 670 456 140 259 278 367 690 780 370 279 248 169 346 689 568 189 490 459 236 150 136 340 289 368 480 120 124 470 460 380 579 247 156 668 239 170 145 347 390 590
open,2026-07-06,Rajdhani Day,lowrank_d25,113,False,False,348 279 136 390 147 490 480 148 169 450 139 340 347 267 689 146 233 356 239 189 127 379 120 789 456 249 357 126 230 234 138 236 370 590 345 258 790 280 470 133 167 389 459 149 124 367 268 468 270 159 368 458 440 237 145 330 569 670 259 170
open,2026-07-07,Rajdhani Day,lowrank_d25,100,False,False,148 149 368 130 140 126 389 268 137 170 158 238 124 300 370 489 120 560 360 256 359 689 468 190 460 346 235 134 136 456 246 380 348 459 127 579 146 567 168 670 160 350 269 678 349 157 166 139 237 480 247 239 290 367 347 260 189 267 337 180
open,2026-07-08,Rajdhani Day,lowrank_d25,138,False,True,279 169 168 160 590 260 380 189 680 490 467 140 136 348 789 578 147 148 678 120 568 479 259 670 450 689 480 570 247 159 170 149 158 460 150 267 357 157 235 240 134 468 359 156 456 459 130 190 126 690 579 258 256 249 379 124 580 239 589 340
open,2026-07-09,Rajdhani Day,lowrank_d25,689,True,False,158 235 578 120 138 139 136 135 180 148 160 168 233 789 379 280 479 368 146 360 134 157 899 170 679 380 356 569 149 478 579 347 589 378 568 560 399 279 689 260 680 488 137 339 258 236 880 277 460 245 580 788 240 150 145 178 133 358 156 338
open,2026-07-10,Rajdhani Day,lowrank_d25,370,True,True,689 279 180 369 136 139 238 480 468 134 380 360 124 346 145 148 246 130 370 348 367 368 247 358 378 670 260 138 680 140 126 340 168 379 146 389 469 256 456 169 460 350 490 458 235 149 120 890 189 679 300 234 478 568 147 567 179 259 157 345
open,2026-07-11,Rajdhani Day,lowrank_d25,880,False,False,256 259 235 260 148 135 139 279 238 247 126 358 350 670 368 560 460 267 345 250 478 234 689 170 180 340 367 480 370 120 356 570 168 268 147 470 270 468 157 124 458 680 456 236 130 580 145 348 579 257 230 459 346 890 158 300 137 567 136 179
open,2026-07-13,Rajdhani Day,lowrank_d25,369,True,False,158 120 168 368 139 490 180 580 135 670 560 300 234 235 130 238 389 148 345 280 150 146 568 359 370 470 590 350 134 356 279 136 260 239 138 355 360 369 589 789 570 250 358 170 126 259 469 378 258 256 459 230 169 157 346 689 289 189 456 125
open,2026-07-14,Rajdhani Day,lowrank_d25,370,True,False,168 260 460 568 259 590 789 279 267 490 467 589 235 136 247 468 170 169 579 480 160 479 680 148 459 159 256 134 147 135 150 348 149 570 359 690 357 238 158 389 380 689 248 138 340 156 120 368 379 157 189 469 140 130 780 478 790 370 470 249
open,2026-07-15,Rajdhani Day,lowrank_d25,460,False,True,670 238 180 356 139 370 378 350 490 346 250 136 237 379 347 120 580 270 267 170 380 340 358 130 239 256 360 179 337 279 230 389 579 168 678 468 780 570 158 377 140 189 560 247 567 278 280 235 160 166 257 368 134 789 246 268 167 234 348 390
open,2026-07-16,Rajdhani Day,lowrank_d25,467,False,True,279 149 580 139 350 146 136 456 145 130 370 126 468 280 189 148 238 179 459 440 123 230 120 258 560 134 450 167 457 229 270 670 569 480 390 490 150 679 568 379 249 779 380 689 567 469 140 246 345 156 389 458 360 160 570 127 190 789 690 356
open,2026-07-17,Rajdhani Day,lowrank_d25,900,False,False,670 267 490 346 189 136 479 139 268 349 279 246 134 237 256 347 234 179 247 167 126 158 569 389 457 169 124 127 470 166 147 120 235 239 468 300 170 390 356 146 130 238 368 278 160 690 250 145 680 137 369 168 478 689 270 140 467 230 570 340
open,2026-07-18,Rajdhani Day,lowrank_d25,250,False,True,680 260 467 589 247 235 149 590 479 689 160 459 170 340 679 789 279 380 136 135 269 259 579 168 490 249 468 189 130 357 470 460 158 267 570 157 180 578 139 138 129 256 450 358 169 568 120 147 580 390 234 148 350 159 379 347 469 339 369 368
open,2026-07-06,Kalyan,ensemble:profile+hot,478,False,True,180 578 679 159 260 678 379 456 129 278 579 348 136 130 250 138 479 690 289 279 470 489 369 469 125 257 256 148 458 269 270 128 359 189 137 459 560 259 247 588 178 389 150 689 268 160 890 460 149 670 158 156 127 568 780 267 370 140 788 235
open,2026-07-07,Kalyan,ensemble:profile+hot,566,False,False,180 578 159 679 379 456 260 129 348 678 579 278 130 250 136 279 138 479 470 690 289 369 257 469 125 489 270 256 359 458 269 247 137 128 459 148 560 259 189 389 588 150 178 149 460 235 160 268 670 370 267 158 689 127 890 156 780 568 140 349
open,2026-07-08,Kalyan,ensemble:profile+hot,277,False,False,180 578 679 159 260 678 456 379 579 130 129 470 348 250 278 138 479 690 136 279 289 469 489 148 125 458 270 369 257 189 560 459 256 137 150 128 359 269 247 588 178 160 460 259 389 890 149 158 670 780 156 689 140 268 370 568 127 267 179 788
open,2026-07-09,Kalyan,ensemble:profile+hot,579,True,True,180 578 679 159 260 678 456 379 129 278 579 470 250 130 348 257 479 279 136 138 690 125 289 270 469 256 489 247 369 128 269 148 458 137 459 189 259 359 560 178 588 150 127 389 149 160 670 267 460 158 268 780 890 689 156 370 235 568 179 788
open,2026-07-10,Kalyan,ensemble:profile+hot,790,False,True,180 578 456 260 159 579 679 470 348 678 379 130 250 278 129 479 690 138 469 279 136 489 270 458 289 257 148 125 247 369 459 256 460 560 269 150 359 137 128 670 588 160 189 259 140 149 389 780 178 370 450 890 158 268 156 267 127 235 568 689
open,2026-07-11,Kalyan,ensemble:profile+hot,289,True,True,578 180 456 579 159 679 260 678 348 278 470 379 129 250 458 257 479 279 130 469 125 247 256 489 289 136 690 138 270 148 369 459 359 128 259 269 560 588 137 150 460 189 149 178 158 268 160 670 389 156 267 140 127 235 450 568 689 890 370 780
open,2026-07-13,Kalyan,ensemble:profile+hot,124,False,True,180 578 679 159 579 379 348 678 260 456 278 470 289 138 130 136 479 129 250 369 279 257 469 489 137 690 148 125 458 270 247 359 256 128 189 269 459 560 178 389 588 150 259 460 149 370 160 670 127 158 267 156 140 780 235 890 268 689 788 568
open,2026-07-14,Kalyan,ensemble:profile+hot,677,False,False,578 180 679 579 159 678 379 456 260 278 690 289 129 470 489 348 136 369 479 250 279 469 257 138 458 130 270 359 125 560 148 269 189 256 137 459 588 259 247 128 689 178 670 389 150 460 890 149 160 156 158 568 780 267 268 789 370 790 179 127
open,2026-07-15,Kalyan,ensemble:profile+hot,470,True,True,180 578 679 260 579 159 678 456 379 129 470 278 289 136 348 250 130 690 138 479 279 369 257 469 270 125 148 137 489 128 256 458 269 359 247 560 189 150 160 259 588 178 460 459 670 389 149 156 158 268 127 267 689 370 140 780 890 568 235 146
open,2026-07-16,Kalyan,ensemble:profile+hot,680,False,False,180 578 579 159 470 679 456 260 379 678 129 289 278 257 250 125 479 369 279 348 690 489 469 136 138 130 247 270 458 359 256 269 259 459 128 560 137 148 189 588 150 389 178 890 149 670 267 460 689 160 158 127 268 156 235 780 370 790 568 789
open,2026-07-17,Kalyan,ensemble:profile+hot,468,False,True,180 578 456 470 579 159 679 260 379 348 136 678 289 130 129 278 138 250 369 479 469 690 458 125 279 257 148 137 359 489 270 256 560 247 150 189 128 588 269 389 460 160 259 178 158 156 459 149 670 680 370 568 890 235 689 140 127 780 268 146
open,2026-07-18,Kalyan,ensemble:profile+hot,150,True,False,180 578 679 579 470 159 379 260 456 678 129 289 348 690 369 136 479 278 130 138 469 279 489 257 137 250 359 269 125 270 458 148 189 256 560 128 247 389 259 178 150 149 670 588 160 689 460 459 156 158 680 370 890 468 179 127 267 780 268 568
open,2026-07-06,Sridevi Night,lowrank_top60,580,False,False,490 356 360 378 256 178 368 990 390 670 160 240 478 679 470 267 237 137 358 338 458 456 239 399 278 690 134 247 789 234 159 340 367 166 188 136 140 790 227 147 359 170 157 448 233 499 660 349 440 479 150 289 369 126 457 449 579 145 779 259
open,2026-07-07,Sridevi Night,lowrank_top60,225,False,False,347 250 460 134 589 126 169 490 569 135 247 137 234 277 368 459 346 356 190 146 170 159 590 120 467 789 258 245 178 168 680 140 478 236 667 400 160 890 157 389 233 133 235 669 660 257 130 699 115 180 239 268 125 177 790 300 690 145 359 124
open,2026-07-08,Sridevi Night,lowrank_top60,100,False,False,357 130 469 478 120 499 347 470 490 279 670 259 127 236 167 466 456 249 356 560 679 126 240 233 123 770 690 345 449 448 255 149 400 368 460 145 580 378 678 134 479 268 128 150 137 990 247 178 579 115 289 269 245 349 790 180 250 355 227 138
open,2026-07-09,Sridevi Night,lowrank_top60,490,False,False,478 238 247 149 250 169 140 389 568 279 234 267 990 347 280 160 259 367 157 559 124 800 127 148 134 567 245 369 378 199 560 390 120 470 137 368 789 479 480 356 499 240 345 358 257 270 146 449 147 690 689 278 150 680 477 590 466 469 190 130
open,2026-07-10,Sridevi Night,lowrank_top60,335,False,False,440 570 149 126 579 134 137 148 169 467 589 178 469 569 245 168 236 367 560 456 130 667 190 146 380 256 234 348 660 129 670 278 349 368 138 590 133 156 258 399 480 679 558 346 479 279 390 458 336 789 167 366 128 460 339 239 680 268 246 389
open,2026-07-11,Sridevi Night,lowrank_top60,347,True,False,135 169 245 390 134 589 480 579 459 900 260 450 140 300 237 279 189 478 467 449 156 899 248 127 167 357 569 800 490 123 679 233 250 168 246 358 339 779 348 180 389 690 789 190 228 788 125 115 349 120 290 240 347 340 126 147 460 139 678 230
open,2026-07-12,Sridevi Night,lowrank_top60,359,False,True,680 160 134 478 360 338 689 245 790 135 490 256 367 240 146 390 234 223 127 690 579 260 247 259 469 578 140 167 679 457 347 128 250 670 368 479 188 356 170 158 237 169 660 890 470 117 340 144 770 990 345 567 280 449 448 190 556 477 178 899
open,2026-07-13,Sridevi Night,lowrank_top60,150,True,True,234 479 150 356 120 670 170 159 158 149 237 478 590 146 189 136 268 157 470 347 233 389 169 267 126 134 190 155 246 667 260 125 177 368 236 660 123 380 589 390 400 790 180 890 689 579 230 147 599 568 460 990 600 490 477 156 467 330 570 350
open,2026-07-14,Sridevi Night,lowrank_top60,138,True,True,390 134 460 349 480 169 167 137 250 123 259 258 389 370 690 279 280 170 570 490 260 138 357 348 589 124 234 467 128 249 458 177 457 168 560 470 257 178 440 246 188 469 140 148 245 346 680 236 239 190 256 156 359 160 880 149 356 590 126 115
open,2026-07-15,Sridevi Night,lowrank_top60,780,False,False,137 490 160 258 569 168 579 460 170 234 149 457 347 789 239 360 670 147 440 237 679 136 148 289 467 399 379 660 346 680 146 135 690 339 140 223 126 380 235 169 566 134 459 478 299 589 278 468 178 250 367 390 356 127 567 248 667 788 189 368
open,2026-07-16,Sridevi Night,lowrank_top60,128,False,False,589 134 789 490 566 137 239 169 246 178 360 168 790 569 356 390 125 366 590 247 468 188 177 123 347 256 160 355 133 348 140 346 667 349 146 367 170 236 467 399 690 115 350 189 456 147 233 250 378 167 149 237 190 124 223 135 278 259 469 238
open,2026-07-17,Sridevi Night,lowrank_top60,790,True,True,189 570 136 390 257 248 149 249 468 260 237 480 457 579 160 568 479 124 170 790 120 590 569 779 239 269 488 349 490 379 459 290 670 146 129 119 168 380 166 139 378 350 145 220 126 227 158 246 355 128 289 169 190 157 250 679 127 455 200 445
open,2026-07-18,Sridevi Night,lowrank_top60,236,True,True,234 145 460 127 135 690 136 236 569 356 590 267 128 379 168 235 490 459 170 260 277 457 126 148 468 137 239 779 149 390 349 268 589 346 249 880 278 350 248 679 266 146 339 289 155 250 120 169 489 344 579 466 245 477 348 389 257 667 177 456
open,2026-07-19,Sridevi Night,lowrank_top60,577,False,False,158 899 478 134 135 250 590 245 146 170 560 190 460 779 149 480 268 569 578 570 579 479 169 130 124 260 234 680 589 349 390 155 399 178 159 699 469 140 789 380 258 368 145 890 356 689 367 369 679 339 459 350 168 490 556 246 279 440 224 558
open,2026-07-06,Kalyan Night,dynamic_wd01,488,False,False,168 138 458 159 568 348 258 189 456 368 589 358 158 468 148 149 469 289 146 180 489 389 179 136 178 167 478 248 169 249 135 378 459 369 129 156 160 569 268 578 689 690 480 126 789 359 680 678 188 269 890 467 234 150 356 679 349 139 347 448
open,2026-07-07,Kalyan Night,dynamic_wd01,167,True,True,270 150 160 570 260 258 267 170 167 470 230 126 180 560 467 240 257 568 456 780 168 125 250 128 360 680 130 140 480 450 159 156 146 690 147 278 280 678 457 157 127 138 179 178 248 580 458 269 237 290 370 790 246 236 590 245 578 567 234 135
open,2026-07-08,Kalyan Night,dynamic_wd01,369,True,True,690 160 159 456 469 150 560 140 146 360 470 450 168 179 156 467 169 590 570 190 460 180 679 390 369 260 149 459 680 490 569 136 249 568 790 167 130 340 170 147 367 356 480 269 135 780 145 458 240 126 468 350 457 270 359 479 267 368 890 346
open,2026-07-09,Kalyan Night,dynamic_wd01,178,False,False,590 570 230 560 250 257 270 350 290 370 150 690 359 260 258 357 579 360 159 790 259 450 390 235 267 780 470 580 237 269 240 569 279 358 679 456 160 567 356 280 135 500 568 249 379 234 190 589 170 459 125 330 179 256 289 130 680 236 340 457
open,2026-07-10,Kalyan Night,dynamic_wd01,679,True,True,267 126 167 168 179 128 127 160 178 147 129 278 679 146 170 270 159 258 180 467 138 257 157 156 137 678 260 125 237 269 124 169 246 136 150 177 236 367 120 780 470 158 456 249 279 140 123 478 568 368 578 289 149 247 690 680 117 378 579 570
open,2026-07-13,Kalyan Night,dynamic_wd01,579,True,True,270 267 257 237 570 279 278 258 470 780 578 250 179 127 579 260 790 357 240 290 230 170 370 467 478 679 249 289 167 567 227 457 678 367 789 147 157 379 269 247 347 690 479 159 259 178 568 280 245 456 277 236 560 125 150 234 129 458 126 235
open,2026-07-14,Kalyan Night,dynamic_wd01,125,False,False,359 159 358 258 459 589 590 389 568 348 456 390 690 368 249 230 570 379 357 579 349 350 369 360 135 289 569 234 235 179 150 580 578 269 347 356 790 489 378 345 469 259 789 239 457 450 490 340 560 480 679 467 290 780 130 380 470 370 270 180
open,2026-07-15,Kalyan Night,dynamic_wd01,179,True,True,249 129 126 159 179 124 149 146 234 147 269 127 267 469 128 246 258 168 257 125 248 245 140 456 289 240 145 123 467 167 169 237 270 120 479 160 279 278 144 459 156 247 259 136 260 470 239 690 157 138 148 290 135 139 236 137 458 150 180 134
open,2026-07-16,Kalyan Night,dynamic_wd01,199,False,False,159 140 149 190 150 690 590 160 179 129 249 490 456 180 470 450 459 560 169 469 290 170 146 147 145 790 168 269 570 156 240 139 679 458 569 126 130 230 135 390 360 579 359 780 479 167 260 270 120 467 589 258 289 680 489 158 136 480 568 460
open,2026-07-17,Kalyan Night,dynamic_wd01,117,False,False,159 270 249 290 790 470 570 579 590 179 690 257 258 150 479 679 129 250 267 390 459 279 240 190 379 230 259 780 147 170 370 490 457 289 269 140 149 260 789 456 237 180 278 450 569 589 160 578 359 560 157 467 357 234 127 247 480 469 478 350
open,2026-07-06,Madhur Night,lowrank_d50,137,True,True,168 169 268 126 146 136 269 236 267 246 368 468 346 689 180 678 167 367 348 189 260 360 278 256 160 680 389 356 239 467 279 568 140 289 156 690 130 123 139 148 120 137 359 125 230 369 258 237 270 128 366 460 358 670 129 259 178 567 280 349
open,2026-07-07,Madhur Night,lowrank_d50,300,False,False,239 230 270 120 127 160 279 137 370 179 168 169 280 130 260 126 269 149 147 189 148 380 278 460 390 670 190 268 360 167 340 123 178 468 249 140 150 138 170 146 679 378 348 368 180 379 136 248 246 470 139 128 349 129 157 237 690 490 367 467
open,2026-07-08,Madhur Night,lowrank_d50,569,False,True,180 140 130 350 340 160 148 470 120 168 380 280 348 230 169 580 189 368 147 146 370 450 270 490 278 150 358 138 347 137 170 136 460 390 458 139 246 126 239 135 145 250 268 158 248 123 378 468 560 128 260 240 178 125 190 149 379 589 349 670
open,2026-07-09,Madhur Night,lowrank_d50,459,False,True,135 170 160 490 156 146 390 569 149 168 670 127 145 267 259 579 460 470 158 147 236 136 469 245 357 139 350 260 479 279 349 169 256 179 180 269 247 230 234 457 590 137 340 690 468 159 356 358 157 235 140 568 189 480 134 478 120 380 346 150
open,2026-07-10,Madhur Night,lowrank_d50,350,True,True,140 490 340 249 390 459 190 349 240 149 269 148 480 180 350 270 239 348 380 450 189 129 590 469 456 139 245 370 120 136 145 248 169 250 290 345 230 259 160 247 130 359 389 150 289 135 360 458 159 449 279 158 479 347 470 157 170 346 246 670
open,2026-07-11,Madhur Night,lowrank_d50,678,False,False,350 359 380 130 340 560 120 250 360 358 579 356 150 569 578 590 568 159 357 257 260 158 157 390 239 450 135 240 160 369 346 170 347 279 145 348 259 190 456 345 127 140 379 136 258 238 378 458 470 256 349 270 670 580 230 179 478 139 469 389
open,2026-07-13,Madhur Night,lowrank_d50,356,False,True,136 168 267 279 670 169 178 260 490 157 259 180 678 250 348 680 269 347 460 160 249 230 248 189 479 478 467 579 140 578 127 239 120 268 349 147 689 480 135 240 370 247 359 278 150 470 170 468 380 289 167 145 560 179 290 129 690 238 590 235
open,2026-07-14,Madhur Night,lowrank_d50,670,True,False,130 460 359 340 357 160 180 360 140 168 370 150 590 230 579 350 260 380 349 369 279 235 250 560 450 134 147 190 345 239 159 137 240 468 389 135 347 120 390 136 470 259 690 570 367 490 149 269 680 248 358 249 156 148 670 467 127 157 678 300
open,2026-07-15,Madhur Night,lowrank_d50,379,False,False,167 670 160 267 170 278 126 169 168 147 179 279 180 569 178 579 127 268 157 137 567 189 367 270 250 140 679 128 470 678 158 260 680 156 136 357 490 269 467 257 246 256 280 148 589 380 570 239 460 690 450 358 247 780 130 390 356 236 230 590
open,2026-07-16,Madhur Night,lowrank_d50,690,False,False,456 379 380 347 136 230 239 279 269 236 246 349 368 469 348 370 369 340 345 378 234 350 270 367 357 248 458 450 169 390 237 360 470 356 278 249 268 460 670 346 260 137 145 289 468 479 490 267 679 567 147 678 257 467 148 130 579 160 235 180
open,2026-07-17,Madhur Night,lowrank_d50,457,True,True,140 160 460 670 269 340 260 360 490 180 270 240 470 450 480 146 169 560 246 168 136 690 130 280 468 370 170 469 230 126 350 250 267 149 120 380 680 268 456 346 349 570 147 167 369 279 150 190 467 479 347 249 139 256 590 679 569 440 457 148
open,2026-07-18,Madhur Night,lowrank_d50,257,True,True,579 479 380 120 279 347 340 127 250 470 260 259 140 170 149 359 349 289 139 135 670 240 679 490 357 257 128 180 157 578 158 178 269 247 689 249 189 239 290 369 390 179 789 460 389 129 245 160 450 569 169 167 270 590 680 480 478 168 458 348
open,2026-07-06,Milan Night,dynamic_wd1,770,False,False,157 150 159 149 156 470 550 380 569 459 140 147 570 160 560 479 456 127 146 469 190 180 120 258 178 250 139 458 148 257 144 450 145 125 158 155 168 247 245 115 588 555 445 390 350 457 468 559 670 444 345 349 270 578 500 249 256 489 135 246
open,2026-07-07,Milan Night,dynamic_wd1,235,False,False,380 258 257 230 247 250 245 269 569 550 238 157 270 149 470 459 127 228 236 255 229 249 158 268 237 289 489 220 578 120 588 248 279 570 390 150 139 159 339 350 469 560 278 379 280 227 479 266 559 129 468 189 377 140 458 370 256 457 680 349
open,2026-07-08,Milan Night,dynamic_wd1,790,True,False,380 270 178 470 578 370 780 180 278 238 367 478 237 789 247 280 670 377 228 230 338 268 348 248 170 258 390 157 778 257 680 888 127 347 489 358 168 550 588 570 250 479 790 227 120 468 220 678 138 189 777 158 130 378 800 388 379 890 140 288
open,2026-07-09,Milan Night,dynamic_wd1,178,True,False,149 249 245 247 469 380 489 248 569 468 269 456 246 479 148 459 236 348 470 124 349 127 234 258 139 444 257 229 345 144 140 367 146 228 458 239 189 168 238 478 145 279 457 266 339 589 157 268 237 289 178 255 390 278 359 158 147 445 379 129
open,2026-07-10,Milan Night,dynamic_wd1,135,False,False,380 236 367 269 390 268 230 238 680 168 569 349 469 339 239 468 338 149 138 139 270 379 160 489 370 280 360 689 266 228 247 377 136 348 670 356 289 258 340 347 127 120 359 250 156 248 237 278 470 229 126 220 358 233 146 246 180 479 158 257
open,2026-07-11,Milan Night,dynamic_wd1,139,True,False,380 680 168 560 160 180 150 156 569 469 660 550 689 390 149 468 146 456 190 568 268 140 460 489 890 189 130 470 148 670 269 367 158 580 360 280 166 588 589 350 348 120 230 669 888 258 358 159 459 800 157 138 338 139 500 136 236 246 250 440
open,2026-07-13,Milan Night,dynamic_wd1,789,False,False,468 469 380 168 489 348 146 148 680 149 689 349 268 367 138 160 248 569 189 246 456 180 458 236 338 156 136 269 249 669 479 390 444 144 488 478 339 888 140 238 470 459 158 568 134 460 466 368 678 588 360 166 660 388 347 147 560 346 446 190
open,2026-07-14,Milan Night,dynamic_wd1,237,True,False,247 380 236 249 230 237 269 238 245 127 149 470 367 234 268 347 270 248 469 246 279 349 489 479 228 379 266 257 229 377 120 468 348 147 339 227 267 278 289 258 370 126 220 233 140 390 129 478 444 148 157 670 239 124 338 146 130 569 144 160
open,2026-07-15,Milan Night,dynamic_wd1,890,False,False,380 270 278 238 578 228 268 247 258 248 367 280 257 470 478 168 780 227 127 180 230 370 338 377 245 289 288 348 588 888 250 678 778 670 358 489 157 178 269 279 236 220 580 468 237 479 158 120 189 589 680 347 249 138 777 390 378 458 550 388
open,2026-07-16,Milan Night,dynamic_wd1,490,False,True,380 348 359 245 345 367 470 390 340 236 149 349 230 238 350 450 358 234 338 339 377 370 249 456 379 335 347 247 550 468 489 569 258 239 248 457 459 588 444 140 478 458 479 257 138 334 168 157 148 469 589 356 388 158 357 130 445 133 228 147
open,2026-07-17,Milan Night,dynamic_wd1,347,True,False,149 459 469 489 569 380 359 349 479 245 589 249 390 468 269 168 159 190 339 158 147 450 189 470 146 689 156 456 157 559 550 140 444 134 145 458 148 144 247 150 588 379 669 499 999 348 289 229 160 445 367 345 680 248 340 578 347 258 250 580
open,2026-07-18,Milan Night,dynamic_wd1,146,False,True,269 380 289 268 127 278 247 149 168 279 489 228 229 189 258 270 238 249 129 479 248 280 469 367 245 689 236 230 266 246 120 227 390 339 257 589 147 239 359 569 180 470 157 349 680 290 578 348 148 190 220 888 379 299 267 338 126 288 124 459
open,2026-07-06,Rajdhani Night,dynamic_wd01,558,False,False,138 146 148 468 139 136 140 489 189 249 480 129 156 469 123 389 159 125 149 134 490 680 120 268 258 245 589 238 269 356 248 368 459 180 167 150 340 178 234 479 345 280 256 247 158 124 347 580 259 450 137 128 160 369 467 458 230 378 235 169
open,2026-07-07,Rajdhani Night,dynamic_wd01,120,True,True,125 156 167 256 150 258 159 457 570 567 259 120 178 250 580 357 245 247 279 589 170 356 680 137 267 157 136 129 146 269 140 450 278 479 459 235 467 268 158 139 249 145 789 189 123 237 468 280 480 160 470 678 378 560 180 780 290 469 347 568
open,2026-07-08,Rajdhani Night,dynamic_wd01,237,False,False,490 690 139 159 269 136 140 469 150 290 129 156 680 249 146 160 167 459 259 189 479 369 356 169 450 230 256 390 480 170 250 589 489 149 340 125 130 279 580 560 468 389 359 360 180 190 280 138 470 123 590 467 245 137 790 268 247 789 460 569
open,2026-07-09,Rajdhani Night,dynamic_wd01,150,True,True,250 230 570 290 150 256 450 235 125 259 245 490 340 247 356 280 350 279 140 470 357 123 580 269 130 249 560 120 390 457 258 690 267 360 129 270 156 680 139 159 136 137 234 590 359 567 480 167 160 370 345 790 347 170 459 479 380 260 236 238
open,2026-07-10,Rajdhani Night,dynamic_wd01,277,False,False,167 267 467 136 137 567 247 279 156 479 367 178 170 269 146 256 347 357 356 678 457 680 570 139 378 789 470 469 278 468 379 268 123 125 369 679 690 159 129 147 249 670 138 160 140 478 368 780 258 179 490 157 230 259 245 169 235 360 480 290
open,2026-07-13,Rajdhani Night,dynamic_wd01,130,False,False,250 570 247 279 256 259 125 267 245 457 567 357 235 278 167 290 249 170 230 269 280 156 129 470 580 450 479 159 356 257 467 268 137 123 347 490 680 178 270 589 140 157 459 789 780 378 258 560 480 238 690 790 120 359 139 127 237 234 136 579
open,2026-07-14,Rajdhani Night,dynamic_wd01,680,True,True,340 480 490 140 489 249 347 450 139 479 389 230 459 138 345 247 580 245 457 468 234 680 589 378 380 357 258 469 137 280 235 238 356 148 136 359 134 250 123 259 390 290 159 570 146 279 478 470 125 248 789 467 149 189 180 458 368 129 178 170
open,2026-07-15,Rajdhani Night,dynamic_wd01,128,False,False,468 469 269 467 249 268 690 490 247 480 267 256 460 236 167 140 136 479 146 290 489 280 470 160 245 230 279 156 340 356 450 129 246 369 248 368 680 360 250 234 678 459 560 259 258 346 567 347 260 169 457 139 148 278 580 170 149 478 789 125
open,2026-07-16,Rajdhani Night,dynamic_wd01,379,False,False,159 129 125 259 156 589 139 189 249 459 490 258 269 256 245 140 489 250 290 149 146 580 279 145 450 158 167 479 138 169 190 480 136 359 180 123 457 690 178 148 789 280 150 570 469 356 170 468 247 389 268 235 157 160 120 179 569 137 567 124
open,2026-07-17,Rajdhani Night,dynamic_wd01,150,False,False,279 479 357 359 159 570 259 139 457 579 459 137 789 790 490 347 249 567 247 167 290 129 589 179 170 235 356 390 369 470 125 590 379 690 267 450 389 679 245 250 157 469 378 256 156 467 367 230 345 123 136 149 580 269 239 178 370 258 569 340
open,2026-07-06,Main Bazar,lowrank_d25,189,True,False,390 237 590 239 234 267 467 160 147 169 337 189 479 136 236 279 679 368 570 158 247 789 450 126 130 689 460 379 250 340 225 149 280 890 148 569 356 190 469 490 566 256 778 235 258 458 345 260 124 230 370 179 357 670 367 246 167 347 580 138
open,2026-07-07,Main Bazar,lowrank_d25,668,False,False,180 136 380 269 458 368 289 160 290 689 560 467 569 680 158 235 360 245 130 280 389 148 126 479 670 370 168 145 129 346 189 579 124 135 580 236 679 899 234 149 340 240 250 267 334 200 169 226 260 246 190 238 134 140 258 490 279 139 120 678
open,2026-07-08,Main Bazar,lowrank_d25,459,False,False,145 149 458 146 478 148 238 140 378 289 468 124 379 160 180 270 450 136 460 480 380 250 130 133 370 569 670 390 278 246 299 280 120 440 158 147 234 490 189 269 157 340 470 890 127 347 389 156 368 125 345 170 237 689 488 358 479 126 445 247
open,2026-07-09,Main Bazar,lowrank_d25,279,True,False,190 590 578 120 478 890 270 467 149 146 459 458 250 490 460 278 156 246 670 499 136 450 568 290 127 479 279 269 256 350 258 389 124 599 580 130 337 370 349 357 138 234 160 689 238 237 359 360 390 125 245 340 678 346 170 155 180 147 126 468
open,2026-07-10,Main Bazar,lowrank_d25,350,False,False,238 190 145 237 136 278 129 120 124 289 130 569 160 380 125 234 140 199 379 126 257 235 158 280 127 579 270 180 269 149 670 389 250 478 139 138 370 179 479 239 128 146 168 359 166 458 133 246 258 148 110 156 123 568 390 178 247 256 157 230
open,2026-07-13,Main Bazar,lowrank_d25,799,False,False,458 190 270 890 590 460 670 149 278 180 490 160 467 230 370 269 238 250 379 279 246 479 179 350 130 450 147 120 258 390 280 127 148 158 145 478 237 300 256 480 560 580 570 337 268 136 579 267 689 290 668 340 568 457 133 139 380 234 245 469
open,2026-07-14,Main Bazar,lowrank_d25,127,True,False,479 190 467 130 390 179 269 490 389 289 670 189 246 379 235 569 238 478 370 278 234 270 169 368 145 359 239 340 237 347 129 180 136 149 380 580 279 890 178 349 337 160 590 689 147 460 139 579 127 250 678 300 120 168 146 124 299 133 135 790
open,2026-07-15,Main Bazar,lowrank_d25,237,True,True,147 590 189 190 890 136 370 237 289 169 379 479 179 380 148 279 390 458 467 158 130 138 126 269 450 180 160 589 689 140 124 678 250 570 789 178 127 389 490 137 149 280 460 247 347 238 670 478 340 257 135 145 235 778 599 337 368 679 177 569
open,2026-07-16,Main Bazar,lowrank_d25,115,False,False,467 180 458 124 289 246 370 379 280 368 190 240 269 340 670 360 126 469 160 136 245 479 237 450 120 270 346 148 290 460 490 580 238 478 149 234 267 138 678 347 130 890 250 256 236 560 578 140 689 679 146 158 129 258 380 334 179 278 127 226
open,2026-07-17,Main Bazar,lowrank_d25,145,True,True,130 238 180 670 289 160 126 234 136 127 360 140 370 237 279 120 145 280 146 290 570 478 270 240 256 123 470 450 278 380 235 158 190 267 124 469 226 340 148 346 257 150 250 458 569 230 499 368 490 299 467 246 568 248 247 115 580 557 460 560
close_preopen,2026-07-06,Sridevi,dynamic_wd01,157,True,True,670 267 259 157 168 169 690 680 156 579 256 357 367 246 479 260 268 126 123 456 136 567 249 239 158 160 790 139 356 258 129 269 469 389 350 679 349 890 459 279 370 468 359 578 457 178 379 346 460 140 147 247 489 135 170 358 368 179 789 589
close_preopen,2026-07-07,Sridevi,dynamic_wd01,149,True,True,457 178 158 140 170 357 147 370 156 123 267 249 670 578 479 790 367 136 169 179 168 349 247 246 347 239 134 468 259 579 780 378 890 138 139 256 489 480 190 145 389 680 258 690 358 127 279 126 125 137 379 148 149 345 129 280 268 135 470 248
close_preopen,2026-07-08,Sridevi,dynamic_wd01,568,False,False,123 140 168 147 670 457 349 480 178 249 158 124 468 169 156 246 680 145 479 370 247 126 259 258 136 780 134 280 489 170 460 790 148 139 345 267 470 179 146 389 127 357 248 234 347 125 137 129 239 367 789 690 380 268 340 240 189 890 450 358
close_preopen,2026-07-09,Sridevi,dynamic_wd01,356,True,True,680 168 156 690 246 456 268 256 670 358 468 280 267 258 357 349 259 489 249 890 146 368 389 457 123 158 136 460 169 567 346 480 239 269 356 459 378 126 678 260 589 578 380 178 780 140 139 469 479 367 345 248 247 145 350 478 279 370 560 170
close_preopen,2026-07-10,Sridevi,dynamic_wd01,137,False,False,670 357 358 246 370 456 156 267 268 168 350 256 578 123 680 136 368 457 158 367 258 259 567 239 380 346 460 345 169 690 235 780 579 249 146 260 479 459 230 589 347 560 170 349 378 178 279 468 139 790 280 679 359 135 126 489 389 450 890 140
close_preopen,2026-07-11,Sridevi,dynamic_wd01,140,True,True,139 170 123 140 178 134 349 370 357 136 670 147 479 790 380 156 367 780 239 168 247 267 145 457 249 470 259 347 146 169 350 179 690 579 246 124 130 358 148 127 280 160 279 190 126 256 230 378 379 158 345 129 135 480 237 138 270 240 234 489
close_preopen,2026-07-12,Sridevi,dynamic_wd01,127,True,True,123 170 480 479 670 124 249 246 168 148 240 147 178 156 280 780 457 470 145 349 680 370 890 690 267 129 268 460 158 450 790 136 126 169 160 468 247 248 146 134 489 179 190 490 279 347 139 120 478 380 239 459 259 127 340 258 260 140 230 256
close_preopen,2026-07-13,Sridevi,dynamic_wd01,100,False,False,670 267 168 259 246 680 258 249 158 159 156 124 260 123 479 268 247 147 126 579 178 256 456 457 357 578 169 129 248 280 480 145 468 690 890 489 459 125 160 450 279 780 230 567 170 790 460 349 240 350 239 358 236 146 389 134 370 136 589 245
close_preopen,2026-07-14,Sridevi,dynamic_wd01,123,True,True,156 169 670 267 370 158 256 357 136 123 690 680 246 139 170 178 890 168 249 790 457 468 159 578 239 349 268 367 259 147 126 260 389 780 258 358 190 280 368 160 138 480 378 179 350 479 380 247 134 489 346 125 236 279 230 129 240 460 579 589
close_preopen,2026-07-15,Sridevi,dynamic_wd01,689,False,False,168 156 670 349 169 680 136 159 345 158 246 259 679 126 468 457 258 249 280 256 370 358 480 389 357 139 124 239 134 460 350 145 690 268 367 267 260 380 234 147 230 456 125 368 346 340 178 235 135 780 790 236 238 479 247 890 450 148 123 146
close_preopen,2026-07-16,Sridevi,dynamic_wd01,340,False,False,679 168 680 690 156 268 246 456 267 357 567 169 256 389 670 349 249 358 457 259 258 239 479 890 489 589 368 378 279 459 468 578 678 236 469 139 146 136 280 178 158 159 367 346 269 789 247 126 478 347 780 790 460 147 379 480 345 260 248 579
close_preopen,2026-07-17,Sridevi,dynamic_wd01,257,False,False,679 670 370 246 460 479 457 680 456 346 249 470 489 357 780 168 480 350 347 790 349 690 358 170 380 169 450 578 890 158 345 156 146 267 240 268 459 159 147 134 136 239 368 468 490 178 280 367 567 589 139 279 247 478 260 145 579 259 230 256
close_preopen,2026-07-18,Sridevi,dynamic_wd01,260,False,False,256 357 457 156 679 259 267 247 145 170 670 159 178 567 246 350 479 258 358 780 249 280 370 147 124 578 345 158 134 579 470 349 279 367 240 239 790 456 126 139 125 136 450 270 168 236 459 380 347 230 135 268 480 169 690 235 237 680 278 234
close_preopen,2026-07-19,Sridevi,dynamic_wd01,160,True,True,679 267 268 670 156 246 168 126 256 690 680 169 249 280 136 259 258 170 269 129 479 124 279 780 456 160 457 239 178 240 367 890 159 158 567 480 370 368 460 468 357 346 236 790 578 349 247 248 230 145 237 358 148 589 179 125 147 678 560 450
close_preopen,2026-07-06,Time Bazar,ensemble:global+profile,690,False,True,160 278 250 258 489 259 458 256 150 189 156 128 240 139 480 126 169 130 190 237 580 469 389 158 248 479 260 390 140 490 167 369 230 180 468 245 459 239 159 268 146 270 178 457 680 350 380 138 267 279 589 257 247 478 359 340 450 135 467 590
close_preopen,2026-07-07,Time Bazar,ensemble:global+profile,237,True,True,250 237 160 270 150 130 258 180 278 480 240 137 256 580 190 230 380 390 259 126 267 167 178 128 379 260 279 350 268 257 570 560 680 458 247 139 389 280 156 478 790 120 340 140 239 369 158 490 169 467 479 489 349 220 590 238 670 170 138 370
close_preopen,2026-07-08,Time Bazar,ensemble:global+profile,238,False,False,150 160 270 140 139 180 130 480 169 250 457 190 279 167 178 240 390 459 479 489 147 490 458 580 179 156 278 189 478 230 170 467 259 146 340 450 380 469 137 350 247 389 126 290 379 158 260 790 128 159 258 256 460 570 138 680 267 120 590 369
close_preopen,2026-07-09,Time Bazar,ensemble:global+profile,256,True,True,150 179 160 250 140 190 458 459 130 156 180 259 167 480 178 139 240 258 479 270 128 147 489 169 126 457 146 450 278 159 158 256 490 580 120 247 670 478 189 145 279 469 248 245 390 467 267 257 460 157 230 170 260 137 350 149 138 570 468 560
close_preopen,2026-07-10,Time Bazar,ensemble:global+profile,150,True,True,250 258 240 146 480 489 278 150 259 458 459 580 160 128 369 270 190 248 180 479 579 478 169 126 156 268 457 179 158 178 256 267 469 389 490 247 468 189 167 680 260 245 257 390 140 467 279 589 380 230 560 139 450 239 350 280 790 130 159 590
close_preopen,2026-07-11,Time Bazar,ensemble:global+profile,367,False,True,179 248 139 258 457 237 278 178 270 167 489 458 579 259 279 479 128 137 459 130 478 267 158 138 256 380 180 189 389 190 480 250 390 247 169 257 379 369 580 126 467 239 160 147 156 790 689 230 468 240 378 350 268 135 469 589 159 234 359 140
close_preopen,2026-07-13,Time Bazar,ensemble:global+profile,114,False,False,179 167 250 270 579 160 459 190 458 278 178 130 489 390 479 457 248 139 478 259 490 480 680 140 147 156 169 247 467 240 469 389 267 258 279 350 369 580 137 570 237 257 379 180 120 340 790 126 158 450 146 380 189 260 159 239 230 460 560 138
close_preopen,2026-07-14,Time Bazar,ensemble:global+profile,668,False,False,250 160 270 258 480 180 140 459 130 580 190 458 156 450 150 167 248 240 579 560 179 457 259 120 278 489 479 350 158 490 570 178 220 478 390 467 380 460 260 680 257 169 126 469 340 267 468 159 247 590 147 128 790 230 146 245 256 139 189 389
close_preopen,2026-07-15,Time Bazar,ensemble:global+profile,249,False,False,250 120 258 160 270 278 248 180 140 179 480 458 128 259 190 130 240 580 459 178 156 126 158 150 167 489 579 247 450 457 267 479 279 290 260 147 230 257 478 490 189 245 159 256 139 570 169 467 146 350 170 280 237 380 680 390 138 560 790 340
close_preopen,2026-07-16,Time Bazar,ensemble:global+profile,227,False,False,160 156 250 179 259 167 258 190 169 120 139 180 278 130 256 126 128 178 459 270 579 267 248 458 580 189 159 268 158 260 369 150 469 689 560 389 279 489 390 168 479 680 146 257 239 140 138 468 467 480 240 350 137 589 230 380 136 157 790 590
close_preopen,2026-07-17,Time Bazar,ensemble:global+profile,389,True,True,258 160 139 130 140 180 190 179 156 390 480 169 489 138 459 120 150 167 170 458 158 178 146 189 380 126 250 128 159 369 248 580 389 490 137 350 340 147 469 240 135 259 230 460 479 468 168 450 680 145 560 379 689 239 467 136 478 149 457 579
close_preopen,2026-07-18,Time Bazar,ensemble:global+profile,240,True,False,140 179 126 139 160 190 478 459 579 489 156 167 170 250 259 178 270 169 130 457 279 278 458 147 479 248 180 480 258 469 490 120 159 137 189 158 390 150 247 467 157 379 580 267 257 240 369 128 146 570 450 790 237 350 138 589 149 239 389 689
close_preopen,2026-07-06,Madhur Day,ensemble:profile+hot,136,True,False,138 569 570 146 170 580 270 459 178 579 490 234 350 160 590 130 560 159 359 127 589 158 136 235 168 126 239 129 389 450 470 190 128 345 139 135 360 120 149 257 156 290 278 236 340 269 356 145 680 258 368 380 237 246 179 670 557 248 390 460
close_preopen,2026-07-07,Madhur Day,ensemble:profile+hot,233,False,False,138 569 146 136 570 170 490 178 459 580 160 270 590 560 159 130 579 234 589 168 127 126 158 359 350 190 129 389 149 450 128 139 470 239 120 360 156 235 236 345 135 680 290 269 278 340 356 145 368 780 179 460 380 246 670 257 248 169 147 288
close_preopen,2026-07-08,Madhur Day,ensemble:profile+hot,899,False,False,138 569 570 580 178 170 270 490 146 459 579 136 160 590 560 234 589 130 159 127 359 350 158 168 389 470 190 126 235 450 128 239 278 360 139 129 149 680 345 290 156 120 340 236 135 257 368 269 380 780 258 670 179 288 248 460 578 145 356 233
close_preopen,2026-07-09,Madhur Day,ensemble:profile+hot,129,True,True,138 569 570 136 234 459 490 170 270 146 580 130 350 178 560 160 359 590 579 159 589 235 158 389 127 168 126 345 239 470 450 190 360 139 149 135 128 340 236 129 156 290 120 680 278 269 368 356 380 246 145 460 233 257 347 390 670 237 258 248
close_preopen,2026-07-10,Madhur Day,ensemble:profile+hot,340,True,False,138 569 170 570 136 490 459 178 129 146 270 579 580 127 160 130 234 590 168 159 560 359 589 470 350 158 126 389 190 235 239 149 450 139 360 128 345 120 340 278 236 156 290 135 680 269 179 257 670 460 368 347 246 147 380 145 137 780 469 237
close_preopen,2026-07-11,Madhur Day,ensemble:profile+hot,244,False,False,138 569 570 170 580 490 459 129 590 178 160 579 589 136 130 146 270 159 359 560 350 158 234 168 127 190 389 235 450 126 470 345 340 239 128 139 120 149 290 135 156 360 680 278 269 145 236 380 258 460 780 368 347 179 390 246 356 248 480 233
close_preopen,2026-07-12,Madhur Day,ensemble:profile+hot,250,False,False,138 569 170 570 579 129 490 178 459 136 127 270 580 590 146 160 130 159 589 359 234 560 350 126 158 190 168 389 470 235 128 139 239 340 450 120 278 360 290 149 345 236 156 269 135 179 680 780 257 670 237 246 347 380 247 147 233 390 460 145
close_preopen,2026-07-13,Madhur Day,ensemble:profile+hot,123,False,False,138 569 570 170 580 490 590 178 459 136 160 129 270 130 579 350 146 560 159 589 127 158 234 359 470 190 168 450 389 235 126 340 360 290 120 345 139 128 239 156 135 680 149 236 278 670 780 269 380 145 257 460 347 246 179 390 233 250 258 356
close_preopen,2026-07-14,Madhur Day,ensemble:profile+hot,589,True,False,138 569 570 170 178 136 129 580 490 459 146 160 270 127 579 130 234 590 359 168 159 589 350 560 126 158 389 470 235 190 360 340 139 128 450 120 236 345 290 680 156 239 135 149 278 269 368 246 380 356 670 780 233 347 179 258 257 237 460 248
close_preopen,2026-07-15,Madhur Day,ensemble:profile+hot,360,True,False,138 569 490 170 570 459 580 136 160 589 590 129 130 146 270 178 234 350 579 359 560 159 389 168 158 190 470 340 450 126 360 235 127 139 345 120 290 680 149 128 239 236 135 368 269 380 156 246 460 347 356 278 390 670 780 145 248 233 480 179
close_preopen,2026-07-16,Madhur Day,ensemble:profile+hot,279,False,False,138 569 570 170 580 459 490 178 136 129 589 160 130 590 146 579 159 360 350 234 270 158 359 560 168 389 190 235 450 127 470 126 340 345 139 120 128 290 135 680 149 156 239 236 145 380 278 269 356 246 368 780 670 460 248 233 390 257 179 250
close_preopen,2026-07-17,Madhur Day,ensemble:profile+hot,346,False,False,569 138 570 170 459 129 270 178 490 579 580 234 136 590 589 146 160 127 360 159 130 350 359 560 470 158 235 126 168 450 389 290 190 340 345 120 128 239 139 278 236 149 269 246 156 257 135 247 248 680 233 145 670 179 347 460 250 237 147 356
close_preopen,2026-07-18,Madhur Day,ensemble:profile+hot,679,False,False,569 138 170 129 570 490 580 178 136 459 160 589 590 146 270 360 579 159 130 359 168 158 350 234 126 560 190 389 127 290 235 139 470 450 128 340 680 149 239 120 269 156 236 135 278 345 246 380 368 346 460 670 179 780 356 233 248 145 390 258
close_preopen,2026-07-19,Madhur Day,ensemble:profile+hot,568,False,False,138 569 170 129 570 490 146 160 136 459 580 178 270 234 130 159 360 590 126 589 168 579 127 158 350 560 190 359 470 389 450 235 340 139 290 120 135 149 128 156 345 236 246 239 269 680 346 145 278 679 233 356 347 380 670 248 179 147 780 368
close_preopen,2026-06-29,Milan Day,lowrank_d50,389,True,False,246 168 458 269 348 149 169 156 139 468 126 369 469 259 147 140 238 569 267 367 146 459 270 470 279 389 356 349 134 127 358 289 579 567 160 137 136 158 467 129 135 670 260 248 378 590 689 250 346 499 456 457 124 446 460 190 256 280 359 890
close_preopen,2026-06-30,Milan Day,lowrank_d50,669,False,False,458 168 358 579 350 680 359 260 348 257 378 250 139 789 238 158 160 149 136 290 230 258 156 236 129 248 470 135 189 379 589 259 280 128 120 567 368 127 340 390 140 190 369 240 367 389 270 170 239 180 380 568 890 237 138 345 457 578 166 269
close_preopen,2026-07-01,Milan Day,lowrank_d50,668,False,False,238 169 230 670 289 369 149 139 589 379 359 590 567 248 239 458 237 378 138 346 135 390 580 257 247 569 148 380 190 290 459 358 156 367 127 356 467 345 269 349 266 370 246 236 690 168 568 270 120 268 357 124 178 250 235 399 180 259 300 678
close_preopen,2026-07-02,Milan Day,lowrank_d50,890,True,False,168 458 238 470 580 589 358 359 250 230 590 136 178 345 369 360 379 258 138 270 348 169 236 257 579 670 135 268 567 378 368 156 158 570 380 357 569 678 560 347 127 126 350 235 260 125 237 578 356 689 890 290 489 568 160 469 133 139 588 289
close_preopen,2026-07-03,Milan Day,lowrank_d50,779,False,False,190 469 149 169 290 379 168 250 470 459 489 579 369 246 689 240 170 560 569 458 259 280 238 480 347 279 299 790 358 670 479 349 356 589 590 378 156 237 124 289 269 247 456 460 799 348 578 249 690 350 580 389 239 499 135 789 270 189 179 140
close_preopen,2026-07-04,Milan Day,lowrank_d50,149,True,True,190 269 259 790 139 279 129 270 470 569 230 149 590 260 689 147 379 126 140 290 248 358 478 170 289 578 378 240 367 128 390 459 127 169 120 178 168 246 580 469 468 457 250 670 467 340 679 345 267 349 160 560 280 389 480 789 299 589 350 238
close_preopen,2026-07-06,Milan Day,lowrank_d50,567,False,False,156 139 269 136 178 459 390 470 469 168 169 149 589 170 460 135 146 568 140 230 369 356 349 256 246 478 126 770 340 678 689 128 190 250 167 129 348 160 345 569 134 350 680 690 147 249 257 279 260 289 259 270 679 367 127 137 179 148 358 130
close_preopen,2026-07-07,Milan Day,lowrank_d50,568,False,True,378 257 379 289 269 238 356 237 127 260 259 129 670 290 358 579 359 367 279 270 578 368 457 458 790 246 247 348 268 459 248 478 168 137 255 340 156 347 569 120 349 369 179 158 239 136 469 169 267 590 467 770 139 468 135 679 177 236 178 357
close_preopen,2026-07-08,Milan Day,lowrank_d50,137,False,False,259 168 139 359 489 459 289 248 358 478 458 345 468 356 169 457 158 378 349 469 579 149 590 249 589 390 246 257 128 578 348 569 268 490 269 156 340 699 146 670 379 689 260 125 129 160 448 368 238 178 247 290 278 679 279 389 189 239 140 890
close_preopen,2026-07-09,Milan Day,lowrank_d50,146,False,False,579 169 170 128 379 257 126 127 156 260 237 259 139 359 168 378 569 457 367 160 278 129 179 190 345 147 269 266 178 470 670 246 149 459 590 140 120 348 150 350 279 248 578 356 247 489 239 270 249 699 267 159 290 347 289 177 446 467 125 240
close_preopen,2026-07-10,Milan Day,lowrank_d50,228,False,False,470 350 168 358 345 379 680 348 369 269 458 590 130 578 246 280 250 457 489 560 579 140 770 248 149 238 580 378 156 450 480 459 460 589 170 259 169 270 190 347 670 147 260 478 380 367 469 160 789 150 468 148 689 120 128 389 456 267 124 189
close_preopen,2026-07-11,Milan Day,lowrank_d50,250,False,True,247 278 289 248 257 290 259 160 269 378 168 348 579 367 126 569 170 578 127 139 246 237 138 249 590 179 489 450 128 268 120 345 190 350 469 479 457 125 260 178 158 238 356 169 239 778 279 478 220 236 349 890 490 390 470 389 288 359 280 258
close_preopen,2026-07-13,Milan Day,lowrank_d50,338,False,False,238 168 136 358 270 139 348 126 246 269 289 128 127 156 369 160 280 180 259 468 120 356 129 190 158 169 260 140 170 670 470 240 135 679 134 257 458 378 689 279 148 278 349 367 579 267 137 239 237 256 147 248 166 379 123 268 350 138 360 290
close_preopen,2026-07-14,Milan Day,lowrank_d50,277,False,False,348 378 238 258 136 290 178 248 456 139 590 168 356 569 579 470 280 349 269 890 580 128 340 358 240 156 458 379 357 180 158 230 170 490 380 249 480 260 246 469 259 120 479 489 289 390 160 690 126 359 589 189 578 368 169 268 149 129 237 360
close_preopen,2026-07-15,Milan Day,lowrank_d50,350,True,False,560 238 150 190 160 590 580 180 270 168 378 458 240 259 358 248 380 356 280 138 258 578 169 379 670 679 139 269 347 136 468 350 360 237 126 456 247 239 770 348 127 156 470 120 130 690 480 368 140 469 260 450 340 236 267 230 246 390 569 279
close_preopen,2026-07-16,Milan Day,lowrank_d50,227,False,False,580 246 120 240 258 170 230 378 248 150 169 470 570 267 590 579 237 478 124 390 249 259 234 370 379 256 457 244 279 290 130 260 138 270 250 245 126 247 178 569 136 479 490 689 468 578 480 134 157 499 238 670 127 469 168 123 280 156 557 179
close_preopen,2026-07-17,Milan Day,lowrank_d50,238,True,True,348 367 248 379 238 168 269 470 147 139 246 378 169 578 280 156 369 270 579 160 358 126 347 680 489 468 259 459 260 128 478 289 569 590 170 560 380 279 789 456 450 480 267 670 290 120 278 127 359 357 345 190 237 230 457 140 389 179 239 469
close_preopen,2026-07-18,Milan Day,lowrank_d50,146,False,True,168 126 127 279 290 169 259 270 480 569 678 177 489 379 579 246 147 459 240 129 670 134 128 249 156 289 689 269 340 458 178 170 346 456 690 258 247 248 378 478 469 236 230 790 257 460 139 124 368 369 356 145 370 580 136 179 470 590 120 137
close_preopen,2026-07-06,Rajdhani Day,dynamic_wd01,135,False,False,168 360 290 136 160 380 460 138 180 128 140 238 230 248 368 280 480 126 268 156 260 130 190 148 680 236 269 468 158 560 389 169 289 246 129 146 580 258 120 124 690 170 189 256 127 240 250 678 390 145 348 249 137 149 478 489 278 568 458 378
close_preopen,2026-07-07,Rajdhani Day,dynamic_wd01,455,False,False,480 248 478 378 380 280 278 678 270 238 578 348 368 370 340 680 360 489 479 347 470 168 468 458 290 780 180 230 460 237 138 580 249 670 450 268 467 140 389 789 148 289 240 130 128 349 258 245 379 560 350 170 358 178 246 890 247 390 160 147
close_preopen,2026-07-08,Rajdhani Day,dynamic_wd01,448,False,False,290 380 390 230 190 370 130 280 590 270 360 350 138 480 460 379 378 349 248 479 237 389 140 170 340 269 250 249 238 260 180 289 239 490 129 369 348 690 890 259 580 560 359 168 670 470 240 368 160 489 278 258 450 680 136 570 478 189 149 236
close_preopen,2026-07-09,Rajdhani Day,dynamic_wd01,340,False,False,190 290 690 670 360 270 269 460 160 370 390 136 560 260 156 379 679 170 380 140 590 230 569 130 678 470 369 168 680 237 280 169 167 570 467 267 367 159 479 256 236 578 146 126 179 469 250 790 137 249 450 157 129 150 180 378 279 349 127 350
close_preopen,2026-07-10,Rajdhani Day,dynamic_wd01,123,False,False,290 190 590 390 380 159 579 389 578 560 569 580 259 359 269 289 589 789 280 489 890 479 690 790 179 156 157 189 450 180 350 370 258 349 168 150 459 360 158 470 130 480 458 490 249 369 680 230 129 270 679 250 170 568 279 478 149 140 239 689
close_preopen,2026-07-11,Rajdhani Day,dynamic_wd01,300,False,False,379 479 470 579 390 679 789 489 349 478 290 378 460 190 359 690 569 590 249 347 389 237 790 269 578 360 570 469 380 678 370 179 369 270 459 279 490 560 467 480 670 450 149 289 157 350 458 457 230 367 170 278 357 159 567 259 130 239 137 167
close_preopen,2026-07-13,Rajdhani Day,dynamic_wd01,378,True,True,578 158 156 157 168 458 258 478 178 579 678 568 789 569 278 259 159 145 580 289 589 389 248 256 378 128 167 489 479 148 560 138 468 359 358 269 268 127 238 169 179 590 689 245 679 190 290 257 137 459 480 180 368 280 279 129 567 249 457 136
close_preopen,2026-07-14,Rajdhani Day,dynamic_wd01,133,False,False,460 480 560 360 590 580 380 280 569 458 168 470 680 450 350 160 290 140 489 180 478 145 270 678 249 390 578 248 368 156 245 670 468 370 250 130 459 190 469 340 260 269 479 158 568 690 230 349 256 146 490 169 138 348 258 358 369 890 170 467
close_preopen,2026-07-15,Rajdhani Day,dynamic_wd01,260,True,True,578 580 568 258 560 168 460 380 158 480 458 590 156 478 280 468 589 680 569 678 450 256 570 350 250 368 178 180 358 138 245 278 579 145 268 157 348 470 356 290 567 489 670 150 259 378 190 780 360 248 270 289 159 370 689 789 459 890 260 160
close_preopen,2026-07-16,Rajdhani Day,dynamic_wd01,177,False,False,237 578 248 379 270 478 347 470 479 278 157 238 137 249 127 145 147 370 178 245 138 257 258 378 579 124 349 279 357 159 380 179 247 235 290 140 280 570 190 230 390 789 149 170 289 348 129 459 359 457 489 259 128 239 240 269 350 389 158 678
close_preopen,2026-07-17,Rajdhani Day,dynamic_wd01,279,False,False,460 380 168 368 360 269 468 268 680 560 568 290 248 389 369 480 569 256 489 678 469 390 689 236 136 156 348 258 349 478 690 246 146 289 238 280 458 230 249 580 169 346 578 260 245 190 160 138 450 356 590 456 670 180 470 140 467 890 350 126
close_preopen,2026-07-18,Rajdhani Day,dynamic_wd01,127,True,True,157 145 147 140 460 146 470 170 156 478 130 137 167 450 136 570 178 578 127 190 347 457 149 158 148 168 159 560 479 370 245 179 458 467 350 138 160 150 124 237 480 567 270 135 579 357 360 180 678 246 380 169 379 378 126 456 459 248 580 128
close_preopen,2026-07-06,Kalyan,ensemble:profile+hot,249,False,True,167 168 248 138 268 128 148 367 267 250 120 137 179 260 256 269 478 350 348 238 459 156 150 480 189 380 135 157 247 589 678 679 479 159 280 390 357 126 457 689 378 279 590 468 258 239 147 289 489 235 136 370 450 145 290 160 770 347 125 780
close_preopen,2026-07-07,Kalyan,ensemble:profile+hot,357,True,True,167 248 168 138 148 128 179 250 367 268 120 478 267 137 260 459 348 269 350 479 247 480 189 256 238 150 157 589 380 679 390 159 457 280 357 156 135 678 279 489 378 590 147 689 289 239 370 468 450 347 770 145 470 235 258 126 290 780 789 240
close_preopen,2026-07-08,Kalyan,ensemble:profile+hot,478,True,True,168 248 167 138 128 148 268 250 120 478 179 267 367 357 260 348 480 238 350 269 589 137 459 380 256 150 189 479 280 157 247 159 390 678 156 679 135 289 279 590 457 489 378 689 258 239 780 468 290 770 450 126 145 147 235 370 470 789 240 180
close_preopen,2026-07-09,Kalyan,ensemble:profile+hot,347,True,False,167 248 168 138 148 128 478 250 268 120 179 267 367 137 357 260 459 269 238 350 348 256 150 135 479 247 390 189 157 159 280 589 156 480 679 279 380 239 590 289 457 678 489 378 258 689 290 126 235 147 370 468 145 450 770 125 470 347 240 780
close_preopen,2026-07-10,Kalyan,ensemble:profile+hot,239,True,True,167 168 248 138 478 148 128 268 250 120 179 367 357 267 348 260 459 137 350 269 480 238 347 256 380 479 150 189 157 589 280 159 679 135 247 156 489 678 457 390 590 378 279 289 689 258 468 290 239 450 147 370 235 126 145 770 780 470 240 789
close_preopen,2026-07-11,Kalyan,ensemble:profile+hot,790,False,False,167 248 168 478 138 148 128 268 250 120 357 267 367 348 137 260 179 459 347 480 269 239 350 150 479 157 247 256 457 238 280 189 589 380 156 678 159 135 489 147 378 468 679 590 279 689 450 258 145 770 390 470 289 780 235 370 126 290 789 240
close_preopen,2026-07-13,Kalyan,ensemble:profile+hot,220,False,False,167 248 168 138 478 148 128 250 268 120 357 267 367 137 260 348 459 256 239 350 179 269 347 150 238 135 157 156 480 159 247 457 189 280 589 479 380 590 258 235 147 678 390 279 489 145 450 378 126 289 679 468 689 290 125 370 770 240 470 780
close_preopen,2026-07-14,Kalyan,ensemble:profile+hot,678,True,True,167 168 248 478 138 148 128 250 357 268 367 120 179 267 459 137 350 256 260 348 269 239 150 589 157 347 159 135 457 156 189 480 238 479 280 590 380 247 678 378 489 258 279 390 679 689 147 450 289 770 145 468 235 780 370 290 470 126 789 125
close_preopen,2026-07-15,Kalyan,ensemble:profile+hot,347,True,True,167 168 138 248 128 478 148 268 367 250 120 137 267 260 179 357 350 239 348 269 678 256 150 347 135 238 480 157 459 156 380 189 159 280 479 247 589 457 378 390 126 590 370 279 235 147 689 468 489 290 258 679 450 145 289 136 470 770 160 240
close_preopen,2026-07-16,Kalyan,ensemble:profile+hot,258,True,True,167 168 248 478 138 148 128 268 250 120 267 678 239 367 179 347 260 269 137 357 348 256 459 238 189 589 150 350 157 159 480 479 280 380 247 156 279 489 135 689 457 289 590 378 258 290 679 147 390 468 780 770 126 235 789 370 145 450 125 240
close_preopen,2026-07-17,Kalyan,ensemble:profile+hot,245,False,False,167 168 248 138 478 367 148 128 347 250 137 120 268 357 267 350 348 260 678 239 179 269 150 256 459 480 157 258 238 380 135 479 156 457 280 247 189 159 378 589 370 590 390 489 770 147 679 689 279 450 468 780 470 290 145 235 289 136 126 160
close_preopen,2026-07-18,Kalyan,ensemble:profile+hot,589,True,False,167 168 248 478 138 148 367 250 179 120 128 267 268 347 357 260 678 137 269 239 459 350 157 150 479 348 256 480 258 159 189 457 589 380 247 280 156 590 238 679 135 279 689 378 489 770 390 290 147 470 780 289 450 370 270 145 126 160 235 468
close_preopen,2026-07-06,Sridevi Night,dynamic_wd1,369,False,False,137 170 156 678 479 147 247 125 180 135 136 570 470 159 178 237 359 670 168 145 378 157 167 579 245 348 358 569 679 257 238 368 150 138 158 478 346 379 190 578 139 360 128 189 179 146 567 380 268 124 148 248 350 468 789 250 240 370 256 280
close_preopen,2026-07-07,Sridevi Night,dynamic_wd1,260,False,False,340 240 348 346 480 156 358 136 349 139 368 138 147 350 470 356 479 140 148 378 230 248 360 690 235 137 370 190 379 146 469 478 389 489 369 124 247 237 357 390 149 159 135 234 367 468 678 670 170 345 134 246 290 180 570 160 580 380 460 456
close_preopen,2026-07-08,Sridevi Night,dynamic_wd1,140,True,False,480 248 180 170 127 136 290 167 460 148 168 147 178 780 156 138 128 190 246 146 570 370 489 690 247 238 157 237 490 348 270 578 250 468 137 158 678 470 245 380 120 278 790 126 240 140 280 670 267 159 560 145 125 179 160 479 356 135 450 368
close_preopen,2026-07-09,Sridevi Night,dynamic_wd1,570,True,False,248 146 469 190 147 159 148 156 170 245 168 490 480 348 167 489 247 149 137 246 470 458 240 139 136 178 479 189 128 268 670 158 459 134 238 140 450 145 368 460 358 349 124 256 180 578 456 478 138 679 569 135 570 160 468 235 150 130 678 126
close_preopen,2026-07-10,Sridevi Night,dynamic_wd1,122,False,False,156 157 470 479 358 125 190 127 569 350 158 370 147 170 256 678 159 579 136 356 780 180 257 258 240 578 270 237 457 560 450 570 379 259 340 460 670 137 368 250 280 359 580 590 490 230 135 278 345 357 140 247 789 348 124 248 150 390 145 167
close_preopen,2026-07-11,Sridevi Night,dynamic_wd1,237,True,True,156 679 569 269 159 678 257 256 579 136 358 490 246 240 469 368 168 567 236 245 125 670 356 139 247 690 379 489 470 560 259 157 267 468 479 190 268 167 238 148 158 370 237 260 790 359 460 350 146 250 127 179 568 780 290 390 345 248 129 137
close_preopen,2026-07-12,Sridevi Night,dynamic_wd1,670,True,True,238 235 246 247 280 290 248 250 258 240 470 368 270 479 370 257 670 137 579 279 190 127 245 156 350 256 269 268 340 148 230 460 260 237 180 580 678 469 123 570 167 159 679 147 348 347 170 236 136 380 378 139 480 129 125 128 120 569 278 358
close_preopen,2026-07-13,Sridevi Night,dynamic_wd1,270,True,False,678 670 679 470 267 170 167 137 257 247 268 156 237 246 567 147 136 570 367 569 346 360 479 560 368 270 256 378 240 168 468 579 469 260 460 789 690 370 245 279 379 126 478 347 178 280 780 125 238 146 250 248 230 348 127 359 157 490 169 578
close_preopen,2026-07-14,Sridevi Night,dynamic_wd1,390,False,False,257 240 278 780 267 247 678 248 156 578 378 478 358 235 237 479 178 470 148 480 570 147 125 280 268 246 157 170 579 580 789 230 256 128 348 790 245 357 290 379 167 370 238 137 236 368 124 458 670 259 258 159 127 690 279 567 270 250 356 350
close_preopen,2026-07-15,Sridevi Night,dynamic_wd1,179,True,True,248 148 246 136 238 156 348 489 240 128 245 458 356 235 159 247 135 145 480 290 125 250 358 147 146 259 459 157 237 345 569 158 127 359 346 578 256 579 490 357 370 350 450 460 137 168 167 190 138 468 129 179 340 236 570 479 690 134 347 180
close_preopen,2026-07-16,Sridevi Night,dynamic_wd1,460,False,True,247 257 248 256 245 469 235 267 167 246 159 156 147 137 279 268 579 170 238 269 127 679 146 190 128 569 479 578 278 259 250 237 240 357 126 249 470 670 458 136 139 678 567 459 178 358 258 179 148 168 457 368 456 125 230 356 135 489 348 124
close_preopen,2026-07-17,Sridevi Night,dynamic_wd1,240,True,True,156 479 569 358 248 470 158 678 256 368 469 240 458 345 147 246 258 456 190 489 460 450 148 356 136 480 478 125 340 459 490 180 268 468 159 124 127 348 350 145 157 128 140 560 457 149 280 245 568 780 789 580 146 589 259 578 347 189 247 269
close_preopen,2026-07-18,Sridevi Night,dynamic_wd1,890,False,False,240 246 245 247 490 470 248 489 468 269 340 156 148 257 469 348 238 256 280 250 358 236 569 479 260 125 230 268 460 346 480 678 679 259 159 349 368 146 370 560 350 127 267 459 345 249 690 270 780 234 145 136 390 124 356 258 190 168 180 458
close_preopen,2026-07-19,Sridevi Night,dynamic_wd1,240,False,False,159 190 479 156 139 459 469 148 290 569 358 235 137 350 368 135 180 189 580 349 145 489 258 340 238 150 359 470 589 147 158 136 246 348 179 590 370 490 167 248 250 129 579 570 390 245 679 356 269 247 345 279 280 127 389 170 789 458 690 259
close_preopen,2026-07-06,Kalyan Night,lowrank_d50,288,False,False,167 380 180 150 390 256 279 190 189 149 158 139 146 289 126 460 259 160 579 159 248 678 157 120 458 128 168 489 478 130 129 138 468 236 258 124 479 690 490 290 169 257 389 269 456 136 369 580 450 459 278 568 379 360 368 560 689 137 679 569
close_preopen,2026-07-07,Kalyan Night,lowrank_d50,150,True,True,158 258 150 189 268 128 368 130 380 789 238 168 138 156 129 460 478 269 256 345 359 280 157 230 160 389 250 136 167 470 390 489 568 148 289 146 458 159 259 170 340 278 236 468 580 360 678 260 350 190 124 126 347 560 149 248 780 570 140 369
close_preopen,2026-07-08,Kalyan Night,lowrank_d50,590,False,False,489 479 249 469 145 269 460 149 459 259 159 370 257 168 234 478 247 146 279 126 140 158 579 456 156 245 246 130 160 147 570 278 240 560 578 468 359 157 389 230 258 557 559 236 789 180 120 150 450 235 256 490 177 289 467 367 690 290 379 890
close_preopen,2026-07-09,Kalyan Night,lowrank_d50,125,False,False,370 230 269 289 129 130 259 278 256 560 270 245 790 157 279 390 250 137 190 578 189 170 460 478 280 580 670 257 367 235 570 240 260 258 389 120 368 139 158 138 126 290 135 380 267 780 890 123 347 379 140 150 127 124 128 340 248 567 458 159
close_preopen,2026-07-10,Kalyan Night,lowrank_d50,237,False,False,159 126 256 160 560 170 169 257 278 579 570 130 460 120 158 157 246 230 360 369 156 269 235 280 150 168 189 145 450 247 567 180 136 356 167 138 580 236 124 690 458 240 456 238 270 140 258 245 368 149 268 177 190 250 459 678 249 123 370 259
close_preopen,2026-07-13,Kalyan Night,lowrank_d50,457,True,True,257 159 570 460 458 230 390 560 580 240 579 459 245 170 450 157 256 259 279 248 190 120 270 380 247 359 379 480 789 156 569 130 457 567 479 126 340 258 267 249 290 250 289 158 345 347 490 124 167 370 470 478 360 238 780 235 150 890 269 246
close_preopen,2026-07-14,Kalyan Night,lowrank_d50,390,False,True,467 456 257 250 156 235 158 678 189 234 247 278 145 148 124 138 157 169 580 489 369 230 130 379 280 458 578 178 345 167 380 478 168 459 135 129 125 670 256 347 470 690 780 560 126 370 447 147 170 790 579 358 360 290 457 245 346 357 570 448
close_preopen,2026-07-15,Kalyan Night,lowrank_d50,157,True,True,279 379 270 249 129 126 289 257 789 230 127 370 170 137 234 269 368 267 124 256 247 290 238 236 179 240 157 167 347 579 278 259 248 369 120 130 479 460 367 689 467 569 389 190 489 360 237 280 128 478 239 246 468 159 149 160 158 380 469 378
close_preopen,2026-07-16,Kalyan Night,lowrank_d50,127,False,False,159 579 149 150 146 258 468 124 567 479 580 158 279 269 578 130 570 137 156 120 157 458 167 147 347 459 270 259 190 456 145 780 569 140 359 290 460 369 180 490 670 450 370 380 345 560 230 278 256 169 179 129 138 139 357 177 160 489 248 249
close_preopen,2026-07-17,Kalyan Night,lowrank_d50,257,True,True,579 279 159 459 478 380 489 458 149 158 379 450 130 289 190 359 259 139 580 256 570 370 257 460 468 890 270 347 490 470 479 278 345 560 120 789 389 189 157 156 350 258 124 578 248 290 689 590 145 235 230 480 140 457 368 150 180 569 170 137
close_preopen,2026-07-06,Madhur Night,lowrank_top60,233,False,False,670 780 128 460 278 478 178 240 690 379 150 269 280 350 560 580 348 237 380 168 448 245 567 577 356 479 190 149 340 450 490 456 130 140 230 146 167 468 378 158 139 127 126 147 570 145 170 458 188 355 579 335 500 370 137 457 224 100 235 124
close_preopen,2026-07-07,Madhur Night,lowrank_top60,340,False,False,127 149 167 579 138 670 479 779 130 235 269 258 158 580 467 240 178 157 159 345 599 390 489 123 136 590 129 357 379 137 150 237 349 230 248 247 359 478 355 459 249 889 389 155 234 268 170 168 588 256 380 560 568 567 449 499 239 460 490 677
close_preopen,2026-07-08,Madhur Night,lowrank_top60,299,False,False,490 138 380 169 678 167 370 150 178 128 235 360 790 460 189 160 480 389 567 127 259 390 469 258 478 188 690 145 340 346 239 149 459 280 279 669 456 356 278 359 560 156 157 136 500 458 250 245 190 450 588 578 240 590 780 468 266 489 470 568
close_preopen,2026-07-09,Madhur Night,lowrank_top60,230,True,True,460 126 259 240 230 690 290 490 256 469 258 459 159 134 560 370 356 379 169 669 167 890 248 125 680 349 139 270 390 569 570 470 128 899 579 250 225 145 335 160 123 478 380 239 150 148 580 149 156 147 468 279 289 589 170 269 360 678 188 237
close_preopen,2026-07-10,Madhur Night,lowrank_top60,349,False,True,380 480 490 468 370 245 378 478 234 246 170 169 399 268 366 350 346 360 367 348 389 369 148 147 450 150 278 177 178 680 230 479 570 467 247 168 269 233 340 248 130 160 569 138 690 280 466 500 117 226 460 778 379 567 445 449 260 579 670 477
close_preopen,2026-07-11,Madhur Night,lowrank_top60,580,True,True,189 167 458 480 580 360 570 459 478 240 168 589 460 125 136 678 170 469 369 150 389 180 680 124 140 245 366 490 246 590 145 128 456 450 126 148 380 120 257 470 278 479 268 780 346 250 390 159 689 559 399 280 558 690 234 569 236 800 149 579
close_preopen,2026-07-13,Madhur Night,lowrank_top60,347,False,True,480 680 150 156 128 268 167 369 678 479 346 489 560 459 460 138 469 169 570 136 468 389 478 170 148 360 189 258 248 450 134 490 259 159 145 245 168 350 246 278 280 345 240 457 233 177 379 157 579 679 399 390 249 223 467 589 137 338 155 257
close_preopen,2026-07-14,Madhur Night,lowrank_top60,346,True,True,490 478 150 670 178 127 460 124 678 158 147 356 589 240 258 157 370 578 230 149 456 278 690 345 567 259 136 234 380 128 577 148 568 256 167 459 480 123 180 469 138 117 360 458 170 590 134 344 350 177 137 457 246 780 160 477 267 346 125 250
close_preopen,2026-07-15,Madhur Night,lowrank_top60,247,False,True,670 380 345 138 136 490 258 460 128 560 150 168 360 469 678 389 456 480 160 356 190 259 137 369 458 178 234 467 180 340 570 245 126 127 148 567 255 224 588 346 120 256 248 379 679 688 500 577 359 240 680 770 478 237 488 468 170 450 589 220
close_preopen,2026-07-16,Madhur Night,lowrank_top60,470,False,False,167 389 138 479 459 259 390 127 125 134 369 150 579 670 468 690 169 560 136 679 137 356 248 156 258 233 177 380 678 580 124 257 159 469 490 145 578 457 370 480 170 234 378 178 570 160 240 447 223 450 247 235 180 237 567 128 245 155 478 590
close_preopen,2026-07-17,Madhur Night,lowrank_top60,459,False,True,150 156 167 138 678 390 589 567 360 470 670 345 350 679 157 389 347 379 490 450 237 146 570 568 190 248 789 369 170 588 159 688 168 359 478 380 258 158 130 457 136 577 460 480 690 458 148 247 178 115 469 479 137 370 680 260 239 378 169 468
close_preopen,2026-07-18,Madhur Night,lowrank_top60,570,True,False,150 346 246 145 459 125 247 457 127 560 678 240 170 369 235 467 136 448 160 234 450 168 478 268 490 238 223 257 578 134 279 447 570 389 236 479 690 148 140 379 278 155 468 360 245 356 270 177 358 399 280 344 128 233 460 249 390 790 469 477
close_preopen,2026-07-06,Milan Night,ensemble:global+profile,127,False,False,149 380 258 280 179 190 170 158 350 169 189 289 268 240 459 247 349 150 389 156 479 246 269 249 490 159 168 239 580 260 139 167 469 467 379 180 259 279 680 250 270 346 160 369 458 140 460 360 278 146 470 390 370 340 178 148 478 359 267 356
close_preopen,2026-07-07,Milan Night,ensemble:global+profile,690,False,False,380 258 169 170 268 190 240 350 280 149 179 156 360 160 260 269 247 246 150 289 167 250 580 267 389 346 249 270 168 459 370 479 467 349 256 189 356 680 460 180 146 278 279 239 158 670 159 340 369 257 139 469 390 379 358 259 679 237 236 570
close_preopen,2026-07-08,Milan Night,ensemble:global+profile,117,False,False,149 190 169 170 150 156 179 258 240 380 280 159 160 459 189 158 140 146 350 168 349 469 180 246 268 167 490 479 247 269 249 360 289 139 260 250 580 460 458 346 389 467 148 259 340 680 356 147 239 450 256 470 468 690 127 390 178 369 270 120
close_preopen,2026-07-09,Milan Night,ensemble:global+profile,356,True,False,280 258 170 169 268 240 247 260 380 149 179 150 160 269 156 250 270 350 246 190 289 257 279 360 167 256 479 249 267 239 168 680 278 459 259 467 580 159 127 469 346 180 158 460 189 290 146 370 356 349 670 389 690 236 379 470 140 237 570 679
close_preopen,2026-07-10,Milan Night,ensemble:global+profile,278,False,False,149 280 258 190 380 170 150 240 350 179 158 169 156 159 160 189 140 180 250 459 580 247 268 289 168 490 146 479 249 680 260 246 139 349 167 458 360 469 148 460 257 259 120 269 340 389 390 450 270 256 470 480 178 290 147 346 239 570 690 356
close_preopen,2026-07-11,Milan Night,ensemble:global+profile,126,False,False,280 258 149 380 169 350 240 170 268 179 190 247 269 260 250 160 289 150 156 246 158 360 278 270 239 257 479 349 279 249 256 167 459 356 259 267 346 189 168 159 146 389 680 370 369 237 140 469 390 127 236 460 580 379 120 180 290 340 490 570
close_preopen,2026-07-13,Milan Night,ensemble:global+profile,170,True,True,280 380 170 258 190 350 149 179 150 169 240 158 160 180 156 159 680 268 168 189 250 260 167 580 360 270 140 289 120 247 490 479 459 246 269 278 146 249 389 370 356 570 178 470 349 460 257 390 340 127 346 670 259 358 458 148 450 239 690 469
close_preopen,2026-07-14,Milan Night,ensemble:global+profile,279,True,True,280 258 380 350 240 268 250 247 289 149 179 170 278 150 169 190 257 158 269 239 260 246 270 459 249 349 580 389 360 279 256 259 479 156 370 346 267 160 167 570 189 159 356 390 340 358 379 237 120 359 180 236 458 680 290 460 127 369 469 230
close_preopen,2026-07-15,Milan Night,ensemble:global+profile,499,False,False,149 170 169 179 280 240 380 190 258 160 247 269 150 268 158 156 479 167 246 350 168 260 189 146 159 249 279 278 127 289 360 270 257 459 140 180 250 469 346 349 267 470 570 178 120 460 356 147 490 680 580 370 256 239 389 259 379 157 467 458
close_preopen,2026-07-16,Milan Night,ensemble:global+profile,157,False,True,280 240 258 350 169 380 149 179 269 150 268 170 160 250 260 459 190 158 247 246 159 156 479 249 289 279 580 360 270 356 346 259 256 167 460 680 469 349 257 180 146 490 168 189 570 239 140 120 278 458 389 390 267 340 290 690 450 370 359 470
close_preopen,2026-07-17,Milan Night,ensemble:global+profile,244,False,False,280 240 380 258 247 149 268 269 170 250 279 350 270 179 289 246 190 150 278 260 169 257 249 490 459 479 158 239 349 160 259 140 460 120 290 469 470 256 580 267 360 167 340 146 680 370 189 346 159 570 180 248 127 390 389 458 450 690 480 379
close_preopen,2026-07-18,Milan Night,ensemble:global+profile,459,True,True,149 280 190 169 380 179 350 240 490 258 459 289 189 159 479 269 469 349 279 170 150 158 390 247 249 389 239 259 680 268 379 246 160 140 470 146 250 580 458 690 290 346 369 180 278 167 570 340 360 460 359 270 260 370 168 257 579 139 478 356
close_preopen,2026-07-06,Rajdhani Night,lowrank_d50,356,False,False,126 190 149 479 246 268 167 189 169 469 478 170 460 267 689 160 168 349 257 279 146 347 489 278 569 179 124 379 480 137 670 589 159 360 236 458 140 790 180 470 247 590 346 567 459 389 678 157 370 456 457 467 128 289 368 568 148 158 345 248
close_preopen,2026-07-07,Rajdhani Night,lowrank_d50,790,False,True,170 360 235 167 569 579 126 259 257 345 168 479 247 460 356 234 357 267 568 258 270 347 456 457 246 359 159 256 236 350 470 678 469 349 489 178 179 279 277 379 177 567 239 127 358 149 478 237 156 150 570 370 268 145 136 160 490 158 278 260
close_preopen,2026-07-08,Rajdhani Night,lowrank_d50,470,True,True,579 569 370 369 479 169 149 679 190 146 678 179 690 469 269 567 257 159 246 459 478 389 267 279 259 168 130 367 189 467 360 590 180 157 578 139 349 268 589 289 167 379 670 350 460 489 270 470 278 230 150 669 236 234 260 490 789 580 156 560
close_preopen,2026-07-09,Rajdhani Night,lowrank_d50,136,False,False,238 360 480 230 170 349 460 130 167 350 280 126 569 246 560 678 345 156 168 146 780 390 489 260 370 589 189 340 169 470 490 257 348 267 478 237 356 148 459 150 456 270 570 248 247 158 347 590 268 378 240 450 369 125 159 250 120 137 357 680
close_preopen,2026-07-10,Rajdhani Night,lowrank_d50,144,False,False,579 370 367 478 569 460 479 347 236 360 350 146 246 270 469 459 170 567 157 379 267 169 690 230 467 560 369 130 180 168 279 235 590 357 237 470 578 450 340 147 670 190 489 257 770 260 159 238 126 456 278 349 345 167 490 268 160 678 669 234
close_preopen,2026-07-13,Rajdhani Night,lowrank_d50,155,False,False,458 279 459 579 149 578 347 479 350 238 247 124 478 246 170 157 457 146 348 235 357 270 480 158 159 456 130 180 168 248 145 234 379 257 470 260 340 268 259 147 450 370 126 179 349 140 267 280 148 567 256 240 237 250 489 467 139 360 345 569
close_preopen,2026-07-14,Rajdhani Night,lowrank_d50,368,True,True,168 138 149 126 358 180 189 169 124 167 158 148 678 145 135 458 268 467 478 236 156 456 190 567 125 235 157 578 248 360 146 347 245 560 150 469 179 234 278 580 147 589 389 345 569 489 257 130 367 368 480 178 670 348 160 159 140 267 258 136
close_preopen,2026-07-15,Rajdhani Night,lowrank_d50,350,False,True,246 678 124 169 126 360 349 238 456 248 569 490 234 230 236 146 590 168 459 235 240 280 467 346 180 589 469 369 689 149 458 478 579 260 267 489 268 480 257 148 167 120 170 460 145 447 378 690 247 250 289 450 158 239 348 279 130 560 125 680
close_preopen,2026-07-16,Rajdhani Night,lowrank_d50,136,False,False,190 157 130 579 139 569 150 146 159 358 259 590 459 158 370 345 125 350 170 149 180 169 369 567 235 179 578 135 378 367 230 299 589 168 360 267 147 389 238 359 156 120 478 357 379 490 479 140 450 348 457 126 110 390 250 577 260 349 123 189
close_preopen,2026-07-17,Rajdhani Night,lowrank_d50,300,False,False,168 367 169 157 360 389 358 569 578 170 130 348 347 238 235 158 359 236 138 579 378 379 357 369 190 180 146 126 478 239 159 167 489 370 189 137 689 237 248 268 467 567 267 479 278 345 149 139 456 590 156 356 246 179 257 469 260 380 890 678
close_preopen,2026-07-06,Main Bazar,ensemble:global+profile+hot,145,False,True,147 247 457 148 289 167 170 569 178 579 249 490 168 670 269 156 470 290 169 257 459 478 124 256 136 469 356 239 790 359 267 140 458 360 158 190 279 379 149 238 157 679 450 258 189 467 245 389 689 135 123 348 138 160 590 150 139 340 130 678
close_preopen,2026-07-07,Main Bazar,ensemble:global+profile+hot,110,False,False,457 167 147 670 247 569 579 356 148 289 269 168 170 156 178 169 157 467 256 379 257 136 249 469 470 360 679 190 490 290 359 790 145 239 267 158 478 689 135 150 279 124 258 140 458 389 189 450 459 160 340 238 678 139 245 130 123 230 348 149
close_preopen,2026-07-08,Main Bazar,ensemble:global+profile+hot,470,True,False,269 457 670 147 356 167 289 256 569 247 579 156 459 467 136 168 148 360 679 249 267 379 169 257 469 290 359 689 490 478 170 178 470 239 157 245 568 135 790 258 458 150 158 450 678 389 145 190 259 268 124 590 189 166 238 140 779 279 229 235
close_preopen,2026-07-09,Main Bazar,ensemble:global+profile+hot,400,False,False,269 289 457 147 290 247 569 356 256 148 249 670 579 167 156 257 470 459 136 239 490 467 359 379 267 245 169 135 258 469 158 178 124 238 170 190 168 157 123 389 145 259 150 140 478 689 458 790 189 235 340 679 360 450 129 149 268 279 229 348
close_preopen,2026-07-10,Main Bazar,ensemble:global+profile+hot,380,False,False,670 457 147 269 247 490 167 579 569 470 289 356 467 156 379 168 148 257 249 790 178 290 459 170 267 478 136 169 360 679 256 469 359 239 157 689 190 779 389 458 678 158 245 340 348 140 238 279 145 450 150 135 149 189 230 123 160 349 258 139
close_preopen,2026-07-13,Main Bazar,ensemble:global+profile+hot,128,False,False,457 147 247 470 167 356 148 579 269 569 256 467 670 257 490 156 178 168 459 249 136 170 289 478 379 169 267 290 360 239 158 458 135 258 157 679 145 469 238 245 790 124 380 389 150 450 348 359 678 689 140 235 138 190 123 349 340 137 230 279
close_preopen,2026-07-14,Main Bazar,ensemble:global+profile+hot,389,True,False,247 457 147 470 167 670 148 467 356 269 569 168 256 156 579 178 490 459 257 249 136 478 170 267 157 469 458 169 124 360 379 145 679 290 158 359 238 689 340 450 678 348 258 380 140 245 790 239 135 389 138 146 190 150 349 160 137 268 123 189
close_preopen,2026-07-15,Main Bazar,ensemble:global+profile+hot,357,False,False,247 269 147 470 148 670 490 467 167 290 256 249 569 289 136 168 360 156 457 124 478 389 267 469 170 140 257 579 379 169 356 380 458 239 178 245 359 340 450 689 145 348 258 268 238 123 679 459 790 149 349 230 190 150 678 248 135 240 157 138
close_preopen,2026-07-16,Main Bazar,ensemble:global+profile+hot,138,True,False,290 269 147 457 289 148 389 579 490 569 167 470 247 459 168 670 249 156 178 190 257 379 170 169 356 256 157 150 239 158 790 359 140 467 258 189 135 469 689 136 145 124 149 245 360 123 267 458 478 380 238 259 129 279 679 138 230 130 450 180
close_preopen,2026-07-17,Main Bazar,ensemble:global+profile+hot,338,False,False,269 457 670 167 147 579 247 356 569 467 389 490 168 379 289 257 290 156 470 459 178 256 148 169 170 267 157 249 679 359 790 138 239 360 136 689 158 478 190 678 458 189 779 469 238 150 380 245 135 279 258 145 139 149 123 590 166 160 230 348
